,CV,Position_Header,Position_Name_1,Position_Name_2,Position_Name_3,Position_Name_4,Position_Name_5,Position_Name_6,Position_Name_7,Position_Name_8,Position_Name_9,Position_Name_10,Position_Name_11,Position_Name_12,Position_Name_13,Position_Name_14,Position_Name_15,Position_Name_16,Position_Name_17,Position_Name_18,Position_Name_19,Position_Name_20,Position_Name_21,Position_Name_22,Position_Name_23,Position_Name_24,Position_Name_25,Position_Name_26,Position_Name_27,Position_Name_28,Position_Name_29,Position_Name_30,Position_Name_31,Position_Name_32,Position_Name_33,Position_Name_34,Position_Name_35,Position_Name_36,Position_Name_37,Position_Name_38,Position_Name_39,Position_Name_40,Position_Name_41,Position_Name_42,Position_Name_43,Position_Name_44,Position_Name_45,Position_Name_46,Position_Name_47,Position_Name_48,Position_Name_49,Position_Name_50,Position_Name_51,Position_Name_52,Position_Name_53,Position_Name_54,Position_Name_55,Position_Name_56,Position_Name_57,Position_Name_58,Position_Name_59,Position_Name_60,Position_Name_61,Position_Name_62,Position_Name_63,Position_Name_64,Position_Name_65,Position_Name_66,Position_Name_67,Position_Name_68,Position_Name_69,Position_Name_70,Position_Name_71,Position_Name_72,Position_Name_73,Position_Name_74,Position_Name_75,Position_Name_76,Position_Name_77,Position_Name_78,Position_Name_79,Position_Name_80,Position_Name_81,Position_Name_82,Position_Name_83,Position_Name_84,Position_Name_85,Position_Name_86,Position_Name_87,Position_Name_88,Position_Name_89,Position_Name_90,Position_Name_91,Position_Name_92,Position_Name_93,Position_Name_94,Position_Name_95,Position_Name_96,Position_Name_97,Position_Name_98,Position_Name_99,Position_Name_100,Position_Name_101,Position_Name_102,Position_Name_103,Position_Name_104,Position_Name_105,Position_Name_106,Position_Name_107,Position_Name_108,Position_Name_109,Position_Name_110,Position_Name_111,Position_Name_112,Position_Name_113,Position_Name_114,Position_Name_115,Position_Name_116,Position_Name_117,Position_Name_118,Position_Name_119,Position_Name_120,Position_Name_121,Position_Name_122,Position_Name_123,Position_Name_124,Position_Name_125,Position_Name_126,Position_Name_127,Position_Name_128,Position_Name_129,Position_Name_130,Position_Name_131,Position_Name_132,Position_Name_133,Position_Name_134,Position_Name_135,Position_Name_136,Position_Name_137,Position_Name_138,Position_Name_139,Position_Name_140,Position_Name_141,Position_Name_142,Position_Name_143,Position_Name_144,Position_Name_145,Position_Name_146,Position_Name_147,Position_Name_148,Position_Name_149,Position_Name_150,Position_Name_151,Position_Name_152,Position_Name_153,Position_Name_154,Position_Name_155,Position_Name_156,Position_Name_157,Position_Name_158,Position_Name_159,Position_Name_160,Position_Name_161,Position_Name_162,Position_Name_163,Position_Name_164,Position_Name_165,Position_Name_166,Position_Name_167,Position_Name_168,Position_Name_169,Position_Name_170,Position_Name_171,Position_Name_172,Position_Name_173,Position_Name_174,Position_Name_175,Position_Name_176,Position_Name_177,Position_Name_178,Position_Name_179,Position_Name_180,Position_Name_181,Position_Name_182,Position_Name_183,Position_Name_184,Position_Name_185,Position_Name_186,Position_Name_187,Position_Name_188,Position_Name_189,Position_Name_190,Position_Name_191,Position_Name_192,Position_Name_193,Position_Name_194,Position_Name_195,Position_Name_196,Position_Name_197,Position_Name_198,Position_Name_199,Position_Name_200,Position_Name_201,Position_Name_202,Position_Name_203,Position_Name_204,Position_Name_205,Position_Name_206,Position_Name_207,Position_Name_208,Position_Name_209,Position_Name_210,Position_Name_211,Position_Name_212,Position_Name_213,Position_Name_214,Position_Name_215,Position_Name_216,Position_Name_217,Position_Name_218,Position_Name_219,Position_Name_220,Position_Name_221,Position_Name_222,Position_Name_223,Position_Name_224,Position_Name_225,Position_Name_226,Position_Name_227,Position_Name_228,Position_Name_229,Position_Name_230,Position_Name_231,Position_Name_232,Position_Name_233,Position_Name_234,Position_Name_235,Position_Name_236,Position_Name_237,Position_Name_238,Position_Name_239,Position_Name_240,Position_Name_241,Position_Name_242,Position_Name_243,Position_Name_244,Position_Name_245,Position_Name_246,Position_Name_247,Position_Name_248,Position_Name_249,Position_Name_250,Position_Name_251,Position_Name_252,Position_Name_253,Position_Name_254,Position_Name_255,Position_Name_256,Position_Name_257,Position_Name_258,Position_Name_259,Position_Name_260,Position_Name_261,Position_Name_262,Position_Name_263,Position_Name_264,Position_Name_265,Position_Name_266,Position_Name_267,Position_Name_268,Position_Name_269,Position_Name_270,Position_Name_271,Position_Name_272,Position_Name_273,Position_Name_274,Position_Name_275,Position_Name_276,Position_Name_277,Position_Name_278,Position_Name_279,Position_Name_280,Position_Name_281,Position_Name_282,Position_Name_283,Position_Name_284,Position_Name_285,Position_Name_286,Position_Name_287,Position_Name_288,Position_Name_289,Position_Name_290,Position_Name_291,Position_Name_292,Position_Name_293,Position_Name_294,Position_Name_295,Position_Name_296,Position_Name_297,Position_Name_298,Position_Name_299,Position_Name_300,Position_Name_301,Position_Name_302,Position_Name_303,Position_Name_304,Position_Name_305,Position_Name_306,Position_Name_307,Position_Name_308,Position_Name_309,Position_Name_310,Position_Name_311,Position_Name_312,Position_Name_313,Position_Name_314,Position_Name_315,Position_Name_316,Position_Name_317,Position_Name_318,Position_Name_319,Position_Name_320,Position_Name_321,Position_Name_322,Position_Name_323,Position_Name_324,Position_Name_325,Position_Name_326,Position_Name_327,Position_Name_328,Position_Name_329,Position_Name_330,Position_Name_331,Position_Name_332,Position_Name_333,Position_Name_334,Position_Name_335,Position_Name_336,Position_Name_337,Position_Name_338,Position_Name_339,Position_Name_340,Position_Name_341,Position_Name_342,Position_Name_343,Position_Name_344,Position_Name_345,Position_Name_346,Position_Name_347,Position_Name_348,Position_Name_349,Position_Name_350,Position_Name_351,Position_Name_352,Position_Name_353,Position_Name_354,Position_Name_355,Position_Name_356,Position_Name_357,Position_Name_358,Position_Name_359,Position_Name_360,Position_Name_361,Position_Name_362,Position_Name_363,Position_Name_364,Position_Name_365,Position_Name_366,Position_Name_367,Position_Name_368,Position_Name_369,Position_Name_370,Position_Name_371,Position_Name_372,Position_Name_373,Position_Name_374,Position_Name_375,Position_Name_376,Position_Name_377,Position_Name_378,Position_Name_379,Position_Name_380,Position_Name_381,Position_Name_382,Position_Name_383,Position_Name_384,Position_Name_385,Position_Name_386,Position_Name_387,Position_Name_388,Position_Name_389,Position_Name_390,Position_Name_391,Position_Name_392,Position_Name_393,Position_Name_394,Position_Name_395,Position_Name_396,Position_Name_397,Position_Name_398,Position_Name_399,Position_Name_400,Position_Name_401,Position_Name_402,Position_Name_403,Position_Name_404,Position_Name_405,Position_Name_406,Position_Name_407,Position_Name_408,Position_Name_409,Position_Name_410,Position_Name_411,Position_Name_412,Position_Name_413,Position_Name_414,Position_Name_415,Position_Name_416,Position_Name_417,Position_Name_418,Position_Name_419,Position_Name_420,Position_Name_421,Position_Name_422,Position_Name_423,Position_Name_424,Position_Name_425,Position_Name_426,Position_Name_427,Position_Name_428,Position_Name_429,Position_Name_430,Position_Name_431,Position_Name_432,Position_Name_433,Position_Name_434,Position_Name_435,Position_Name_436,Position_Name_437,Position_Name_438,Position_Name_439,Position_Name_440,Position_Name_441,Position_Name_442,Position_Name_443,Position_Name_444,Position_Name_445,Position_Name_446,Position_Name_447,Position_Name_448,Position_Name_449,Position_Name_450,Position_Name_451,Position_Name_452,Position_Name_453,Position_Name_454,Position_Name_455,Position_Name_456,Position_Name_457,Position_Name_458,Position_Name_459,Position_Name_460,Position_Name_461,Position_Name_462,Position_Name_463,Position_Name_464,Position_Name_465,Position_Name_466,Position_Name_467,Position_Name_468,Position_Name_469,Position_Name_470,Position_Name_471,Position_Name_472,Position_Name_473,Position_Name_474,Position_Name_475,Position_Name_476,Position_Name_477,Position_Name_478,Position_Name_479,Position_Name_480,Position_Name_481,Position_Name_482,Position_Name_483,Position_Name_484,Position_Name_485,Position_Name_486,Position_Name_487,Position_Name_488,Position_Name_489,Position_Name_490,Position_Name_491,Position_Name_492,Position_Name_493,Position_Name_494,Position_Name_495,Position_Name_496,Position_Name_497,Position_Name_498,Position_Name_499,Position_Name_500,Position_Name_501,Position_Name_502,Position_Name_503,Position_Name_504,Position_Name_505,Position_Name_506,Position_Name_507,Position_Name_508,Position_Name_509,Position_Name_510,Position_Name_511,Position_Name_512,Position_Name_513,Position_Name_514,Position_Name_515,Position_Name_516,Position_Name_517,Position_Name_518,Position_Name_519,Position_Name_520,Position_Name_521,Position_Name_522,Position_Name_523,Position_Name_524,Position_Name_525,Position_Name_526,Position_Name_527,Position_Name_528,Position_Name_529,Position_Name_530,Position_Name_531,Position_Name_532,Position_Name_533,Position_Name_534,Position_Name_535,Position_Name_536,Position_Name_537,Position_Name_538,Position_Name_539,Position_Name_540,Position_Name_541,Position_Name_542,Position_Name_543,Position_Name_544,Position_Name_545,Position_Name_546,Position_Name_547,Position_Name_548,Position_Name_549,Position_Name_550,Position_Name_551,Position_Name_552,Position_Name_553,Position_Name_554,Position_Name_555,Position_Name_556,Position_Name_557,Position_Name_558,Position_Name_559,Position_Name_560,Position_Name_561,Position_Name_562,Position_Name_563,Position_Name_564,Position_Name_565,Position_Name_566,Position_Name_567,Position_Name_568,Position_Name_569,Position_Name_570,Position_Name_571,Position_Name_572,Position_Name_573,Position_Name_574,Position_Name_575,Position_Name_576,Position_Name_577,Position_Name_578,Position_Name_579,Position_Name_580,Position_Name_581,Position_Name_582,Position_Name_583,Position_Name_584,Position_Name_585,Position_Name_586,Position_Name_587,Position_Name_588,Position_Name_589,Position_Name_590,Position_Name_591,Position_Name_592,Position_Name_593,Position_Name_594,Position_Name_595,Position_Name_596,Position_Name_597,Position_Name_598,Position_Name_599,Position_Name_600,Position_Name_601,Position_Name_602,Position_Name_603,Position_Name_604,Position_Name_605,Position_Name_606,Position_Name_607,Position_Name_608,Position_Name_609,Position_Name_610,Position_Name_611,Position_Name_612,Position_Name_613,Position_Name_614,Position_Name_615,Position_Name_616,Position_Name_617,Position_Name_618,Position_Name_619,Position_Name_620,Position_Name_621,Position_Name_622,Position_Name_623,Position_Name_624,Position_Name_625,Position_Name_626,Position_Name_627,Position_Name_628,Position_Name_629,Position_Name_630,Position_Name_631,Position_Name_632,Position_Name_633,Position_Name_634,Position_Name_635,Position_Name_636,Position_Name_637,Position_Name_638,Position_Name_639,Position_Name_640,Position_Name_641,Position_Name_642,Position_Name_643,Position_Name_644,Position_Name_645,Position_Name_646,Position_Name_647,Position_Name_648,Position_Name_649,Position_Name_650,Position_Name_651,Position_Name_652,Position_Name_653,Position_Name_654,Position_Name_655,Position_Name_656,Position_Name_657,Position_Name_658,Position_Name_659,Position_Name_660,Position_Name_661,Position_Name_662,Position_Name_663,Position_Name_664,Position_Name_665,Position_Name_666,Position_Name_667,Position_Name_668,Position_Name_669,Position_Name_670,Position_Name_671,Position_Name_672,Position_Name_673,Position_Name_674,Position_Name_675,Position_Name_676,Position_Name_677,Position_Name_678,Position_Name_679,Position_Name_680,Position_Name_681,Position_Name_682,Position_Name_683,Position_Name_684,Position_Name_685,Position_Name_686,Position_Name_687,Position_Name_688,Position_Name_689,Position_Name_690,Position_Name_691,Position_Name_692,Position_Name_693,Position_Name_694,Position_Name_695,Position_Name_696,Position_Name_697,Position_Name_698,Position_Name_699,Position_Name_700,Position_Name_701,Position_Name_702,Position_Name_703,Position_Name_704,Position_Name_705,Position_Name_706,Position_Name_707,Position_Name_708,Position_Name_709,Position_Name_710,Position_Name_711,Position_Name_712,Position_Name_713,Position_Name_714,Position_Name_715,Position_Name_716,Position_Name_717,Position_Name_718,Position_Name_719,Position_Name_720,Position_Name_721,Position_Name_722,Position_Name_723,Position_Name_724,Position_Name_725,Position_Name_726,Position_Name_727,Position_Name_728,Position_Name_729,Position_Name_730,Position_Name_731,Position_Name_732,Position_Name_733,Position_Name_734,Position_Name_735,Position_Name_736,Position_Name_737,Position_Name_738,Position_Name_739,Position_Name_740,Position_Name_741,Position_Name_742,Position_Name_743,Position_Name_744,Position_Name_745,Position_Name_746,Position_Name_747,Position_Name_748,Position_Name_749,Position_Name_750,Position_Name_751,Position_Name_752,Position_Name_753,Position_Name_754,Position_Name_755,Position_Name_756,Position_Name_757,Position_Name_758,Position_Name_759,Position_Name_760,Position_Name_761,Position_Name_762,Position_Name_763,Position_Name_764,Position_Name_765,Position_Name_766,Position_Name_767,Position_Name_768,Position_Name_769,Position_Name_770,Position_Name_771,Position_Name_772,Position_Name_773,Position_Name_774,Position_Name_775,Position_Name_776,Position_Name_777,Position_Name_778,Position_Name_779,Position_Name_780,Position_Name_781,Position_Name_782,Position_Name_783,Position_Name_784,Position_Name_785,Position_Name_786,Position_Name_787,Position_Name_788,Position_Name_789,Position_Name_790,Position_Name_791,Position_Name_792,Position_Name_793,Position_Name_794,Position_Name_795,Position_Name_796,Position_Name_797,Position_Name_798,Position_Name_799,Position_Name_800,Position_Name_801,Position_Name_802,Position_Name_803,Position_Name_804,Position_Name_805,Position_Name_806,Position_Name_807,Position_Name_808,Position_Name_809,Position_Name_810,Position_Name_811,Position_Name_812,Position_Name_813,Position_Name_814,Position_Name_815,Position_Name_816,Position_Name_817,Position_Name_818,Position_Name_819,Position_Name_820,Position_Name_821,Position_Name_822,Position_Name_823,Position_Name_824,Position_Name_825,Position_Name_826,Position_Name_827,Position_Name_828,Position_Name_829,Position_Name_830,Position_Name_831,Position_Name_832,Position_Name_833,Position_Name_834,Position_Name_835,Position_Name_836,Position_Name_837,Position_Name_838,Position_Name_839,Position_Name_840,Position_Name_841,Position_Name_842,Position_Name_843,Position_Name_844,Position_Name_845,Position_Name_846,Position_Name_847,Position_Name_848,Position_Name_849,Position_Name_850,Position_Name_851,Position_Name_852,Position_Name_853,Position_Name_854,Position_Name_855,Position_Name_856,Position_Name_857,Position_Name_858,Position_Name_859,Position_Name_860,Position_Name_861,Position_Name_862,Position_Name_863,Position_Name_864,Position_Name_865,Position_Name_866,Position_Name_867,Position_Name_868,Position_Name_869,Position_Name_870,Position_Name_871,Position_Name_872,Position_Name_873,Position_Name_874,Position_Name_875,Position_Name_876,Position_Name_877,Position_Name_878,Position_Name_879,Position_Name_880,Position_Name_881,Position_Name_882,Position_Name_883,Position_Name_884,Position_Name_885,Position_Name_886,Position_Name_887,Position_Name_888,Position_Name_889,Position_Name_890,Position_Name_891,Position_Name_892,Position_Name_893,Position_Name_894,Position_Name_895,Position_Name_896,Position_Name_897,Position_Name_898,Position_Name_899,Position_Name_900,Position_Name_901,Position_Name_902,Position_Name_903,Position_Name_904,Position_Name_905,Position_Name_906,Position_Name_907,Position_Name_908,Position_Name_909,Position_Name_910
0,Accounting-Resume-Sample-MSWord-Download.docx,,,,,,,,,,,,,,,,,,,,,,,,,,,,,,,,,,,,,,,,,,,,,,,,,,,,,,,,,,,,,,,,,,,,,,,,,,,,,,,,,,,,,,,,,,,,,,,,,,,,,,,,,,,,,,,,,,,,,,,,,,,,,,,,,,,,,,,,,,,,,,,,,,,,,,,,,,,,,,,,,,,,,,,,,,,,,,,,,,,,,,,,,,,,,,,,,,,,,,,,,,,,,,,,,,,,,,,,,,,,,,,,,,,,,,,,,,,,,,,,,,,,,,,,,,,,,,,,,,,,,,,,,,,,,,,,,,,,,,,,,,,,,,,,,,,,,,,,,,,,,,,,,,,,,,,,,,,,,,,,,,,,,,,,,,,,,,,,,,,,,,,,,,,,,,,,,,,,,,,,,,,,,,,,,,,,,,,,,,,,,,,,,,,,,,,,,,,,,,,,,,,,,,,,,,,,,,,,,,,,,,,,,,,,,,,,,,,,,,,,,,,,,,,,,,,,,,,,,,,,,,,,,,,,,,,,,,,,,,,,,,,,,,,,,,,,,,,,,,,,,,,,,,,,,,,,,,,,,,,,,,,,,,,,,,,,,,,,,,,,,,,,,,,,,,,,,,,,,,,,,,,,,,,,,,,,,,,,,,,,,,,,,,,,,,,,,,,,,,,,,,,,,,,,,,,,,,,,,,,,,,,,,,,,,,,,,,,,,,,,,,,,,,,,,,,,,,,,,,,,,,,,,,,,,,,,,,,,,,,,,,,,,,,,,,,,,,,,,,,,,,,,,,,,,,,,,,,,,,,,,,,,,,,,,,,,,,,,,,,,,,,,,,,,,,,,,,,,,,,,,,,,,,,,,,,,,,,,,,,,,,,,,,,,,,,,,,,,,,,,,,,,,,,,,,,,,,,,,,,,,,,,,,,,,,,,,,,,,,,,,,,,,,,,,,,,,,,,,,,,,,,,,,,,,,,,,,,,,,,,,,,,,,,,,,,,,,,,,,,,,,,,,,,,,,,
1,Acting-Resume-Sample-Download-MSWord.docx,,,,,,,,,,,,,,,,,,,,,,,,,,,,,,,,,,,,,,,,,,,,,,,,,,,,,,,,,,,,,,,,,,,,,,,,,,,,,,,,,,,,,,,,,,,,,,,,,,,,,,,,,,,,,,,,,,,,,,,,,,,,,,,,,,,,,,,,,,,,,,,,,,,,,,,,,,,,,,,,,,,,,,,,,,,,,,,,,,,,,,,,,,,,,,,,,,,,,,,,,,,,,,,,,,,,,,,,,,,,,,,,,,,,,,,,,,,,,,,,,,,,,,,,,,,,,,,,,,,,,,,,,,,,,,,,,,,,,,,,,,,,,,,,,,,,,,,,,,,,,,,,,,,,,,,,,,,,,,,,,,,,,,,,,,,,,,,,,,,,,,,,,,,,,,,,,,,,,,,,,,,,,,,,,,,,,,,,,,,,,,,,,,,,,,,,,,,,,,,,,,,,,,,,,,,,,,,,,,,,,,,,,,,,,,,,,,,,,,,,,,,,,,,,,,,,,,,,,,,,,,,,,,,,,,,,,,,,,,,,,,,,,,,,,,,,,,,,,,,,,,,,,,,,,,,,,,,,,,,,,,,,,,,,,,,,,,,,,,,,,,,,,,,,,,,,,,,,,,,,,,,,,,,,,,,,,,,,,,,,,,,,,,,,,,,,,,,,,,,,,,,,,,,,,,,,,,,,,,,,,,,,,,,,,,,,,,,,,,,,,,,,,,,,,,,,,,,,,,,,,,,,,,,,,,,,,,,,,,,,,,,,,,,,,,,,,,,,,,,,,,,,,,,,,,,,,,,,,,,,,,,,,,,,,,,,,,,,,,,,,,,,,,,,,,,,,,,,,,,,,,,,,,,,,,,,,,,,,,,,,,,,,,,,,,,,,,,,,,,,,,,,,,,,,,,,,,,,,,,,,,,,,,,,,,,,,,,,,,,,,,,,,,,,,,,,,,,,,,,,,,,,,,,,,,,,,,,,,,,,,,,,,,,,,,,,,,,,,,,,,,,,,,,,,,,
2,Bank-Teller-Resume-Sample-MSWord-Download.docx,,item_805,item_1078,item_1138,item_1906,,,,,,,,,,,,,,,,,,,,,,,,,,,,,,,,,,,,,,,,,,,,,,,,,,,,,,,,,,,,,,,,,,,,,,,,,,,,,,,,,,,,,,,,,,,,,,,,,,,,,,,,,,,,,,,,,,,,,,,,,,,,,,,,,,,,,,,,,,,,,,,,,,,,,,,,,,,,,,,,,,,,,,,,,,,,,,,,,,,,,,,,,,,,,,,,,,,,,,,,,,,,,,,,,,,,,,,,,,,,,,,,,,,,,,,,,,,,,,,,,,,,,,,,,,,,,,,,,,,,,,,,,,,,,,,,,,,,,,,,,,,,,,,,,,,,,,,,,,,,,,,,,,,,,,,,,,,,,,,,,,,,,,,,,,,,,,,,,,,,,,,,,,,,,,,,,,,,,,,,,,,,,,,,,,,,,,,,,,,,,,,,,,,,,,,,,,,,,,,,,,,,,,,,,,,,,,,,,,,,,,,,,,,,,,,,,,,,,,,,,,,,,,,,,,,,,,,,,,,,,,,,,,,,,,,,,,,,,,,,,,,,,,,,,,,,,,,,,,,,,,,,,,,,,,,,,,,,,,,,,,,,,,,,,,,,,,,,,,,,,,,,,,,,,,,,,,,,,,,,,,,,,,,,,,,,,,,,,,,,,,,,,,,,,,,,,,,,,,,,,,,,,,,,,,,,,,,,,,,,,,,,,,,,,,,,,,,,,,,,,,,,,,,,,,,,,,,,,,,,,,,,,,,,,,,,,,,,,,,,,,,,,,,,,,,,,,,,,,,,,,,,,,,,,,,,,,,,,,,,,,,,,,,,,,,,,,,,,,,,,,,,,,,,,,,,,,,,,,,,,,,,,,,,,,,,,,,,,,,,,,,,,,,,,,,,,,,,,,,,,,,,,,,,,,,,,,,,,,,,,,,,,,,,,,,,,,,,,,,,,,,,,,,,,,,,,,,,,,,,,,,,,,,,,,,,,,,,,,,,,,,,,,,,,,,,,,,,,,,,,,,,,,
3,Bookkeeper-Resume-Sample-MSWord-Download.docx,,item_37,item_107,item_109,item_116,item_136,item_146,item_222,item_233,item_297,item_303,item_322,item_378,item_395,item_411,item_446,item_467,item_582,item_627,item_631,item_672,item_729,item_742,item_767,item_805,item_899,item_911,item_965,item_984,item_1034,item_1051,item_1053,item_1078,item_1103,item_1112,item_1138,item_1190,item_1273,item_1276,item_1288,item_1374,item_1387,item_1397,item_1433,item_1439,item_1470,item_1497,item_1521,item_1581,item_1613,item_1661,item_1691,item_1729,item_1736,item_1775,item_1846,item_1860,item_1864,item_1882,item_1888,item_1893,item_1901,item_1902,item_1906,item_1921,item_1966,item_2039,item_2047,item_2063,item_2073,item_2127,item_2128,item_2143,,,,,,,,,,,,,,,,,,,,,,,,,,,,,,,,,,,,,,,,,,,,,,,,,,,,,,,,,,,,,,,,,,,,,,,,,,,,,,,,,,,,,,,,,,,,,,,,,,,,,,,,,,,,,,,,,,,,,,,,,,,,,,,,,,,,,,,,,,,,,,,,,,,,,,,,,,,,,,,,,,,,,,,,,,,,,,,,,,,,,,,,,,,,,,,,,,,,,,,,,,,,,,,,,,,,,,,,,,,,,,,,,,,,,,,,,,,,,,,,,,,,,,,,,,,,,,,,,,,,,,,,,,,,,,,,,,,,,,,,,,,,,,,,,,,,,,,,,,,,,,,,,,,,,,,,,,,,,,,,,,,,,,,,,,,,,,,,,,,,,,,,,,,,,,,,,,,,,,,,,,,,,,,,,,,,,,,,,,,,,,,,,,,,,,,,,,,,,,,,,,,,,,,,,,,,,,,,,,,,,,,,,,,,,,,,,,,,,,,,,,,,,,,,,,,,,,,,,,,,,,,,,,,,,,,,,,,,,,,,,,,,,,,,,,,,,,,,,,,,,,,,,,,,,,,,,,,,,,,,,,,,,,,,,,,,,,,,,,,,,,,,,,,,,,,,,,,,,,,,,,,,,,,,,,,,,,,,,,,,,,,,,,,,,,,,,,,,,,,,,,,,,,,,,,,,,,,,,,,,,,,,,,,,,,,,,,,,,,,,,,,,,,,,,,,,,,,,,,,,,,,,,,,,,,,,,,,,,,,,,,,,,,,,,,,,,,,,,,,,,,,,,,,,,,,,,,,,,,,,,,,,,,,,,,,,,,,,,,,,,,,,,,,,,,,,,,,,,,,,,,,,,,,,,,,,,,,,,,,,,,,,,,,,,,,,,,,,,,,,,,,,,,,,,,,,,,,,,,,,,,,,,,,,,,,,,,,,,,
4,Business-Analyst-Resume-Example-MSWord-Download.docx,,item_3,item_11,item_12,item_14,item_18,item_23,item_26,item_28,item_37,item_39,item_46,item_61,item_63,item_65,item_66,item_71,item_72,item_73,item_74,item_83,item_87,item_89,item_90,item_91,item_97,item_104,item_109,item_113,item_116,item_122,item_123,item_129,item_134,item_136,item_137,item_139,item_142,item_146,item_152,item_155,item_178,item_182,item_183,item_184,item_186,item_189,item_191,item_200,item_201,item_202,item_208,item_210,item_212,item_219,item_222,item_225,item_230,item_232,item_233,item_238,item_253,item_260,item_276,item_284,item_286,item_295,item_297,item_300,item_303,item_319,item_322,item_324,item_327,item_335,item_338,item_346,item_350,item_356,item_362,item_372,item_378,item_381,item_395,item_398,item_401,item_410,item_411,item_413,item_420,item_421,item_422,item_433,item_434,item_446,item_449,item_451,item_453,item_457,item_467,item_472,item_482,item_483,item_496,item_502,item_507,item_512,item_523,item_526,item_532,item_533,item_536,item_540,item_544,item_551,item_554,item_565,item_582,item_583,item_584,item_591,item_608,item_609,item_612,item_619,item_627,item_631,item_637,item_639,item_648,item_655,item_657,item_660,item_661,item_663,item_664,item_668,item_672,item_674,item_686,item_690,item_691,item_692,item_694,item_698,item_705,item_716,item_719,item_726,item_728,item_729,item_734,item_735,item_740,item_742,item_748,item_763,item_766,item_767,item_776,item_780,item_782,item_785,item_788,item_794,item_795,item_801,item_805,item_808,item_812,item_821,item_824,item_827,item_830,item_831,item_837,item_840,item_841,item_847,item_849,item_863,item_866,item_870,item_875,item_881,item_883,item_889,item_892,item_897,item_899,item_904,item_905,item_910,item_911,item_920,item_925,item_930,item_932,item_933,item_934,item_937,item_939,item_948,item_950,item_965,item_970,item_973,item_977,item_981,item_983,item_984,item_986,item_990,item_993,item_999,item_1001,item_1012,item_1020,item_1021,item_1032,item_1033,item_1034,item_1037,item_1042,item_1044,item_1051,item_1053,item_1056,item_1057,item_1058,item_1062,item_1068,item_1078,item_1080,item_1103,item_1104,item_1106,item_1112,item_1115,item_1117,item_1118,item_1120,item_1121,item_1133,item_1135,item_1138,item_1148,item_1159,item_1168,item_1169,item_1173,item_1177,item_1180,item_1188,item_1189,item_1190,item_1197,item_1207,item_1212,item_1219,item_1220,item_1222,item_1228,item_1234,item_1236,item_1237,item_1238,item_1241,item_1245,item_1251,item_1252,item_1253,item_1264,item_1266,item_1267,item_1271,item_1272,item_1273,item_1275,item_1276,item_1288,item_1292,item_1304,item_1306,item_1307,item_1311,item_1318,item_1324,item_1326,item_1327,item_1334,item_1344,item_1349,item_1350,item_1356,item_1357,item_1364,item_1374,item_1376,item_1382,item_1387,item_1397,item_1410,item_1412,item_1414,item_1423,item_1424,item_1428,item_1432,item_1433,item_1434,item_1436,item_1439,item_1443,item_1445,item_1448,item_1451,item_1457,item_1459,item_1464,item_1470,item_1471,item_1472,item_1473,item_1474,item_1476,item_1482,item_1487,item_1497,item_1501,item_1502,item_1506,item_1513,item_1521,item_1522,item_1524,item_1533,item_1536,item_1537,item_1538,item_1548,item_1551,item_1553,item_1562,item_1565,item_1567,item_1571,item_1578,item_1581,item_1587,item_1590,item_1593,item_1595,item_1597,item_1602,item_1611,item_1613,item_1615,item_1618,item_1620,item_1632,item_1638,item_1639,item_1642,item_1643,item_1652,item_1653,item_1661,item_1663,item_1672,item_1676,item_1678,item_1682,item_1684,item_1691,item_1694,item_1698,item_1700,item_1705,item_1706,item_1711,item_1712,item_1714,item_1717,item_1720,item_1727,item_1729,item_1736,item_1739,item_1741,item_1751,item_1753,item_1766,item_1768,item_1771,item_1774,item_1775,item_1786,item_1801,item_1804,item_1805,item_1814,item_1828,item_1830,item_1839,item_1842,item_1845,item_1846,item_1847,item_1850,item_1856,item_1857,item_1860,item_1861,item_1863,item_1864,item_1872,item_1877,item_1882,item_1884,item_1888,item_1889,item_1893,item_1894,item_1898,item_1901,item_1902,item_1906,item_1911,item_1921,item_1922,item_1929,item_1930,item_1931,item_1933,item_1942,item_1943,item_1944,item_1955,item_1962,item_1963,item_1965,item_1966,item_1973,item_1974,item_1975,item_1987,item_1990,item_1991,item_1992,item_1993,item_2001,item_2007,item_2008,item_2009,item_2013,item_2021,item_2022,item_2039,item_2040,item_2042,item_2046,item_2047,item_2050,item_2055,item_2056,item_2057,item_2063,item_2067,item_2071,item_2073,item_2078,item_2088,item_2089,item_2092,item_2094,item_2125,item_2127,item_2128,item_2136,item_2137,item_2139,item_2143,,,,,,,,,,,,,,,,,,,,,,,,,,,,,,,,,,,,,,,,,,,,,,,,,,,,,,,,,,,,,,,,,,,,,,,,,,,,,,,,,,,,,,,,,,,,,,,,,,,,,,,,,,,,,,,,,,,,,,,,,,,,,,,,,,,,,,,,,,,,,,,,,,,,,,,,,,,,,,,,,,,,,,,,,,,,,,,,,,,,,,,,,,,,,,,,,,,,,,,,,,,,,,,,,,,,,,,,,,,,,,,,,,,,,,,,,,,,,,,,,,,,,,,,,,,,,,,,,,,,,,,,,,,,,,,,,,,,,,,,,,,,,,,,,,,,,,,,,,,,,,,,,,,,,,,,,,,,,,,,,,,,,,,,,,,,,,,,,,,,,,,,,,,,,,,,,,,,,,,,,,,,,,,,,,,,,,,,,,,,,,,,,,,,,,,,,,,,,,,,,,,,,,,,,,,,,,,,,,,,,,,,,,,,
5,CDL-Driver-Resume-Sample-Download.docx,,,,,,,,,,,,,,,,,,,,,,,,,,,,,,,,,,,,,,,,,,,,,,,,,,,,,,,,,,,,,,,,,,,,,,,,,,,,,,,,,,,,,,,,,,,,,,,,,,,,,,,,,,,,,,,,,,,,,,,,,,,,,,,,,,,,,,,,,,,,,,,,,,,,,,,,,,,,,,,,,,,,,,,,,,,,,,,,,,,,,,,,,,,,,,,,,,,,,,,,,,,,,,,,,,,,,,,,,,,,,,,,,,,,,,,,,,,,,,,,,,,,,,,,,,,,,,,,,,,,,,,,,,,,,,,,,,,,,,,,,,,,,,,,,,,,,,,,,,,,,,,,,,,,,,,,,,,,,,,,,,,,,,,,,,,,,,,,,,,,,,,,,,,,,,,,,,,,,,,,,,,,,,,,,,,,,,,,,,,,,,,,,,,,,,,,,,,,,,,,,,,,,,,,,,,,,,,,,,,,,,,,,,,,,,,,,,,,,,,,,,,,,,,,,,,,,,,,,,,,,,,,,,,,,,,,,,,,,,,,,,,,,,,,,,,,,,,,,,,,,,,,,,,,,,,,,,,,,,,,,,,,,,,,,,,,,,,,,,,,,,,,,,,,,,,,,,,,,,,,,,,,,,,,,,,,,,,,,,,,,,,,,,,,,,,,,,,,,,,,,,,,,,,,,,,,,,,,,,,,,,,,,,,,,,,,,,,,,,,,,,,,,,,,,,,,,,,,,,,,,,,,,,,,,,,,,,,,,,,,,,,,,,,,,,,,,,,,,,,,,,,,,,,,,,,,,,,,,,,,,,,,,,,,,,,,,,,,,,,,,,,,,,,,,,,,,,,,,,,,,,,,,,,,,,,,,,,,,,,,,,,,,,,,,,,,,,,,,,,,,,,,,,,,,,,,,,,,,,,,,,,,,,,,,,,,,,,,,,,,,,,,,,,,,,,,,,,,,,,,,,,,,,,,,,,,,,,,,,,,,,,,,,,,,,,,,,,,,,,,,,,,,,,,,,,
6,combination-janitor-resume-sample-MSWord-download.docx,,item_1,item_14,item_20,item_26,item_37,item_46,item_63,item_65,item_107,item_109,item_113,item_116,item_136,item_137,item_146,item_152,item_155,item_182,item_186,item_191,item_201,item_208,item_222,item_230,item_233,item_240,item_245,item_257,item_297,item_303,item_322,item_350,item_356,item_378,item_383,item_395,item_411,item_446,item_449,item_467,item_485,item_532,item_536,item_554,item_572,item_582,item_627,item_631,item_639,item_656,item_660,item_661,item_663,item_672,item_674,item_680,item_692,item_694,item_729,item_734,item_735,item_742,item_755,item_767,item_776,item_780,item_782,item_788,item_805,item_828,item_830,item_837,item_840,item_841,item_861,item_889,item_899,item_900,item_932,item_933,item_934,item_945,item_981,item_999,item_1012,item_1034,item_1037,item_1041,item_1044,item_1053,item_1056,item_1076,item_1078,item_1103,item_1112,item_1118,item_1120,item_1121,item_1138,item_1173,item_1177,item_1180,item_1188,item_1189,item_1190,item_1219,item_1228,item_1231,item_1236,item_1252,item_1264,item_1267,item_1273,item_1276,item_1288,item_1318,item_1344,item_1374,item_1376,item_1387,item_1397,item_1405,item_1410,item_1412,item_1414,item_1427,item_1433,item_1434,item_1439,item_1443,item_1445,item_1464,item_1470,item_1476,item_1497,item_1507,item_1508,item_1521,item_1522,item_1530,item_1548,item_1560,item_1581,item_1611,item_1613,item_1632,item_1638,item_1653,item_1661,item_1672,item_1682,item_1684,item_1700,item_1706,item_1729,item_1736,item_1739,item_1766,item_1775,item_1830,item_1846,item_1860,item_1864,item_1882,item_1888,item_1893,item_1894,item_1901,item_1902,item_1906,item_1921,item_1922,item_1924,item_1943,item_1965,item_1971,item_1973,item_1991,item_2008,item_2021,item_2039,item_2047,item_2056,item_2057,item_2063,item_2105,item_2122,item_2127,item_2128,item_2137,item_2143,,,,,,,,,,,,,,,,,,,,,,,,,,,,,,,,,,,,,,,,,,,,,,,,,,,,,,,,,,,,,,,,,,,,,,,,,,,,,,,,,,,,,,,,,,,,,,,,,,,,,,,,,,,,,,,,,,,,,,,,,,,,,,,,,,,,,,,,,,,,,,,,,,,,,,,,,,,,,,,,,,,,,,,,,,,,,,,,,,,,,,,,,,,,,,,,,,,,,,,,,,,,,,,,,,,,,,,,,,,,,,,,,,,,,,,,,,,,,,,,,,,,,,,,,,,,,,,,,,,,,,,,,,,,,,,,,,,,,,,,,,,,,,,,,,,,,,,,,,,,,,,,,,,,,,,,,,,,,,,,,,,,,,,,,,,,,,,,,,,,,,,,,,,,,,,,,,,,,,,,,,,,,,,,,,,,,,,,,,,,,,,,,,,,,,,,,,,,,,,,,,,,,,,,,,,,,,,,,,,,,,,,,,,,,,,,,,,,,,,,,,,,,,,,,,,,,,,,,,,,,,,,,,,,,,,,,,,,,,,,,,,,,,,,,,,,,,,,,,,,,,,,,,,,,,,,,,,,,,,,,,,,,,,,,,,,,,,,,,,,,,,,,,,,,,,,,,,,,,,,,,,,,,,,,,,,,,,,,,,,,,,,,,,,,,,,,,,,,,,,,,,,,,,,,,,,,,,,,,,,,,,,,,,,,,,,,,,,,,,,,,,,,,,,,,,,,,,,,,,,,,,,,,,,,,,,,,,,,,,,,,,,,,,,,,,,,,,,,,,,,,,,,,,,,,,,,,,,,,,
7,Construction-Labor-Resume-Sample-MSWord-Download.docx,,item_1,item_12,item_14,item_17,item_18,item_23,item_26,item_28,item_37,item_39,item_46,item_50,item_63,item_65,item_66,item_71,item_73,item_74,item_83,item_87,item_89,item_91,item_103,item_104,item_107,item_109,item_113,item_116,item_121,item_129,item_136,item_137,item_139,item_146,item_152,item_155,item_156,item_178,item_182,item_184,item_186,item_191,item_199,item_201,item_208,item_211,item_222,item_230,item_232,item_233,item_239,item_240,item_245,item_247,item_253,item_257,item_260,item_271,item_276,item_286,item_297,item_300,item_303,item_309,item_319,item_322,item_324,item_338,item_346,item_356,item_362,item_363,item_364,item_378,item_382,item_383,item_395,item_398,item_403,item_411,item_420,item_422,item_428,item_434,item_446,item_449,item_451,item_453,item_457,item_467,item_472,item_473,item_485,item_496,item_499,item_502,item_505,item_507,item_509,item_520,item_523,item_532,item_533,item_536,item_540,item_541,item_551,item_554,item_565,item_570,item_582,item_583,item_591,item_597,item_606,item_617,item_619,item_627,item_631,item_637,item_639,item_641,item_642,item_645,item_648,item_656,item_660,item_661,item_663,item_664,item_668,item_672,item_674,item_680,item_686,item_691,item_692,item_694,item_706,item_719,item_726,item_729,item_734,item_735,item_742,item_755,item_763,item_767,item_776,item_780,item_782,item_788,item_789,item_794,item_804,item_805,item_808,item_812,item_818,item_821,item_828,item_830,item_837,item_840,item_841,item_847,item_861,item_863,item_866,item_870,item_881,item_882,item_889,item_892,item_897,item_899,item_900,item_904,item_911,item_917,item_920,item_932,item_933,item_934,item_937,item_939,item_945,item_948,item_963,item_965,item_973,item_981,item_984,item_993,item_999,item_1012,item_1034,item_1041,item_1044,item_1051,item_1053,item_1054,item_1056,item_1057,item_1062,item_1072,item_1076,item_1078,item_1103,item_1104,item_1106,item_1112,item_1115,item_1117,item_1118,item_1120,item_1121,item_1126,item_1132,item_1135,item_1138,item_1143,item_1154,item_1159,item_1168,item_1169,item_1173,item_1177,item_1180,item_1188,item_1189,item_1190,item_1197,item_1219,item_1222,item_1228,item_1231,item_1236,item_1237,item_1245,item_1247,item_1252,item_1253,item_1263,item_1264,item_1266,item_1267,item_1268,item_1271,item_1272,item_1273,item_1276,item_1280,item_1285,item_1288,item_1291,item_1306,item_1307,item_1311,item_1318,item_1341,item_1344,item_1345,item_1347,item_1349,item_1356,item_1374,item_1376,item_1377,item_1387,item_1397,item_1405,item_1410,item_1412,item_1414,item_1427,item_1428,item_1432,item_1433,item_1434,item_1439,item_1443,item_1445,item_1451,item_1457,item_1459,item_1464,item_1470,item_1472,item_1473,item_1474,item_1476,item_1478,item_1482,item_1487,item_1497,item_1501,item_1502,item_1507,item_1508,item_1513,item_1520,item_1521,item_1522,item_1548,item_1553,item_1560,item_1571,item_1573,item_1581,item_1589,item_1595,item_1597,item_1598,item_1601,item_1602,item_1611,item_1613,item_1618,item_1622,item_1632,item_1638,item_1642,item_1643,item_1652,item_1653,item_1661,item_1667,item_1672,item_1675,item_1682,item_1684,item_1691,item_1698,item_1700,item_1705,item_1706,item_1711,item_1714,item_1716,item_1729,item_1733,item_1736,item_1739,item_1741,item_1751,item_1753,item_1762,item_1766,item_1770,item_1774,item_1775,item_1786,item_1801,item_1804,item_1805,item_1813,item_1814,item_1830,item_1842,item_1844,item_1845,item_1846,item_1850,item_1856,item_1857,item_1860,item_1864,item_1871,item_1874,item_1882,item_1884,item_1888,item_1889,item_1890,item_1893,item_1894,item_1898,item_1901,item_1902,item_1906,item_1917,item_1921,item_1922,item_1924,item_1929,item_1931,item_1933,item_1942,item_1943,item_1958,item_1962,item_1965,item_1966,item_1971,item_1973,item_1988,item_1991,item_1992,item_2001,item_2007,item_2008,item_2014,item_2017,item_2018,item_2021,item_2039,item_2042,item_2047,item_2050,item_2055,item_2056,item_2057,item_2063,item_2067,item_2073,item_2078,item_2088,item_2092,item_2105,item_2119,item_2121,item_2122,item_2125,item_2127,item_2128,item_2134,item_2136,item_2137,item_2139,item_2143,,,,,,,,,,,,,,,,,,,,,,,,,,,,,,,,,,,,,,,,,,,,,,,,,,,,,,,,,,,,,,,,,,,,,,,,,,,,,,,,,,,,,,,,,,,,,,,,,,,,,,,,,,,,,,,,,,,,,,,,,,,,,,,,,,,,,,,,,,,,,,,,,,,,,,,,,,,,,,,,,,,,,,,,,,,,,,,,,,,,,,,,,,,,,,,,,,,,,,,,,,,,,,,,,,,,,,,,,,,,,,,,,,,,,,,,,,,,,,,,,,,,,,,,,,,,,,,,,,,,,,,,,,,,,,,,,,,,,,,,,,,,,,,,,,,,,,,,,,,,,,,,,,,,,,,,,,,,,,,,,,,,,,,,,,,,,,,,,,,,,,,,,,,,,,,,,,,,,,,,,,,,,,,,,,,,,,,,,,,,,,,,,,,,,,,,,,,,,,,,,,,,,,,,,,,,,,,,,,,,,,,,,,,,,,,,,,,,,,,,,,,,,,,,,,,,,,,,,,,,,,,,,,,,,,,,,,,,,,,
8,Customer-Service-Representative-Resume-Sample-MSWord-Download.docx,,item_11,item_18,item_28,item_63,item_103,item_107,item_109,item_121,item_136,item_155,item_158,item_233,item_240,item_241,item_297,item_303,item_322,item_356,item_382,item_448,item_467,item_540,item_554,item_606,item_617,item_627,item_631,item_639,item_645,item_648,item_661,item_663,item_674,item_729,item_742,item_788,item_805,item_837,item_881,item_897,item_899,item_932,item_933,item_937,item_1019,item_1078,item_1103,item_1104,item_1106,item_1138,item_1176,item_1189,item_1190,item_1237,item_1252,item_1276,item_1347,item_1376,item_1397,item_1412,item_1470,item_1581,item_1583,item_1597,item_1689,item_1729,item_1774,item_1838,item_1857,item_1860,item_1888,item_1893,item_1902,item_1906,item_1917,item_1974,item_1991,item_1993,item_2021,item_2046,item_2047,item_2063,item_2121,item_2127,,,,,,,,,,,,,,,,,,,,,,,,,,,,,,,,,,,,,,,,,,,,,,,,,,,,,,,,,,,,,,,,,,,,,,,,,,,,,,,,,,,,,,,,,,,,,,,,,,,,,,,,,,,,,,,,,,,,,,,,,,,,,,,,,,,,,,,,,,,,,,,,,,,,,,,,,,,,,,,,,,,,,,,,,,,,,,,,,,,,,,,,,,,,,,,,,,,,,,,,,,,,,,,,,,,,,,,,,,,,,,,,,,,,,,,,,,,,,,,,,,,,,,,,,,,,,,,,,,,,,,,,,,,,,,,,,,,,,,,,,,,,,,,,,,,,,,,,,,,,,,,,,,,,,,,,,,,,,,,,,,,,,,,,,,,,,,,,,,,,,,,,,,,,,,,,,,,,,,,,,,,,,,,,,,,,,,,,,,,,,,,,,,,,,,,,,,,,,,,,,,,,,,,,,,,,,,,,,,,,,,,,,,,,,,,,,,,,,,,,,,,,,,,,,,,,,,,,,,,,,,,,,,,,,,,,,,,,,,,,,,,,,,,,,,,,,,,,,,,,,,,,,,,,,,,,,,,,,,,,,,,,,,,,,,,,,,,,,,,,,,,,,,,,,,,,,,,,,,,,,,,,,,,,,,,,,,,,,,,,,,,,,,,,,,,,,,,,,,,,,,,,,,,,,,,,,,,,,,,,,,,,,,,,,,,,,,,,,,,,,,,,,,,,,,,,,,,,,,,,,,,,,,,,,,,,,,,,,,,,,,,,,,,,,,,,,,,,,,,,,,,,,,,,,,,,,,,,,,,,,,,,,,,,,,,,,,,,,,,,,,,,,,,,,,,,,,,,,,,,,,,,,,,,,,,,,,,,,,,,,,,,,,,,,,,,,,,,,,,,,,,,,,,,,,,,,,,,,,,,,,,,,,
9,Data-Analyst-Resume-Example-MSWord-Download.docx,,item_18,item_23,item_129,item_136,item_189,item_260,item_322,item_326,item_327,item_356,item_533,item_606,item_617,item_639,item_648,item_657,item_694,item_730,item_805,item_826,item_860,item_950,item_990,item_1032,item_1051,item_1080,item_1104,item_1177,item_1234,item_1252,item_1348,item_1387,item_1397,item_1424,item_1459,item_1470,item_1482,item_1524,item_1571,item_1613,item_1618,item_1648,item_1682,item_1736,item_1766,item_1774,item_1805,item_1830,item_1846,item_1888,item_1889,item_1906,item_1912,item_1965,item_2021,item_2042,item_2088,,,,,,,,,,,,,,,,,,,,,,,,,,,,,,,,,,,,,,,,,,,,,,,,,,,,,,,,,,,,,,,,,,,,,,,,,,,,,,,,,,,,,,,,,,,,,,,,,,,,,,,,,,,,,,,,,,,,,,,,,,,,,,,,,,,,,,,,,,,,,,,,,,,,,,,,,,,,,,,,,,,,,,,,,,,,,,,,,,,,,,,,,,,,,,,,,,,,,,,,,,,,,,,,,,,,,,,,,,,,,,,,,,,,,,,,,,,,,,,,,,,,,,,,,,,,,,,,,,,,,,,,,,,,,,,,,,,,,,,,,,,,,,,,,,,,,,,,,,,,,,,,,,,,,,,,,,,,,,,,,,,,,,,,,,,,,,,,,,,,,,,,,,,,,,,,,,,,,,,,,,,,,,,,,,,,,,,,,,,,,,,,,,,,,,,,,,,,,,,,,,,,,,,,,,,,,,,,,,,,,,,,,,,,,,,,,,,,,,,,,,,,,,,,,,,,,,,,,,,,,,,,,,,,,,,,,,,,,,,,,,,,,,,,,,,,,,,,,,,,,,,,,,,,,,,,,,,,,,,,,,,,,,,,,,,,,,,,,,,,,,,,,,,,,,,,,,,,,,,,,,,,,,,,,,,,,,,,,,,,,,,,,,,,,,,,,,,,,,,,,,,,,,,,,,,,,,,,,,,,,,,,,,,,,,,,,,,,,,,,,,,,,,,,,,,,,,,,,,,,,,,,,,,,,,,,,,,,,,,,,,,,,,,,,,,,,,,,,,,,,,,,,,,,,,,,,,,,,,,,,,,,,,,,,,,,,,,,,,,,,,,,,,,,,,,,,,,,,,,,,,,,,,,,,,,,,,,,,,,,,,,,,,,,,,,,,,,,,,,,,,,,,,,,,,,,,,,,,,,,,,,,,,,,,,,,,,,,,,,,,,,,,,,,,,,,,
10,Delivery-Driver-Resume-Sample-MSWord-Download.docx,,item_1,item_14,item_17,item_18,item_20,item_26,item_28,item_37,item_62,item_63,item_65,item_71,item_73,item_74,item_87,item_101,item_103,item_104,item_107,item_109,item_113,item_116,item_121,item_129,item_136,item_146,item_152,item_155,item_156,item_178,item_182,item_184,item_186,item_191,item_199,item_201,item_208,item_222,item_228,item_230,item_232,item_233,item_235,item_238,item_240,item_257,item_276,item_286,item_297,item_300,item_303,item_309,item_319,item_322,item_324,item_327,item_332,item_338,item_346,item_350,item_356,item_362,item_363,item_364,item_374,item_382,item_401,item_411,item_420,item_422,item_434,item_446,item_449,item_457,item_467,item_473,item_481,item_482,item_485,item_496,item_499,item_505,item_507,item_509,item_520,item_532,item_533,item_536,item_540,item_541,item_551,item_554,item_570,item_572,item_579,item_582,item_591,item_597,item_606,item_617,item_619,item_627,item_631,item_632,item_637,item_639,item_641,item_645,item_648,item_656,item_661,item_663,item_664,item_668,item_672,item_674,item_680,item_686,item_694,item_718,item_729,item_734,item_735,item_740,item_742,item_755,item_767,item_776,item_780,item_783,item_788,item_794,item_804,item_805,item_808,item_818,item_828,item_830,item_831,item_837,item_840,item_841,item_847,item_861,item_863,item_870,item_881,item_882,item_883,item_887,item_889,item_896,item_897,item_899,item_904,item_911,item_913,item_920,item_931,item_932,item_933,item_934,item_937,item_939,item_945,item_948,item_963,item_965,item_973,item_981,item_984,item_999,item_1012,item_1037,item_1044,item_1051,item_1053,item_1056,item_1076,item_1078,item_1103,item_1104,item_1106,item_1112,item_1115,item_1117,item_1118,item_1120,item_1121,item_1126,item_1133,item_1135,item_1136,item_1138,item_1143,item_1154,item_1168,item_1169,item_1170,item_1173,item_1177,item_1179,item_1180,item_1189,item_1190,item_1219,item_1228,item_1231,item_1233,item_1236,item_1237,item_1243,item_1245,item_1247,item_1251,item_1252,item_1253,item_1264,item_1266,item_1267,item_1271,item_1272,item_1273,item_1274,item_1276,item_1288,item_1291,item_1292,item_1307,item_1318,item_1336,item_1341,item_1344,item_1347,item_1349,item_1356,item_1374,item_1376,item_1377,item_1378,item_1387,item_1390,item_1395,item_1397,item_1410,item_1412,item_1414,item_1427,item_1428,item_1433,item_1434,item_1443,item_1445,item_1464,item_1470,item_1476,item_1478,item_1497,item_1501,item_1502,item_1507,item_1508,item_1520,item_1521,item_1522,item_1542,item_1548,item_1553,item_1560,item_1561,item_1571,item_1581,item_1597,item_1598,item_1601,item_1613,item_1618,item_1622,item_1632,item_1638,item_1642,item_1643,item_1652,item_1653,item_1661,item_1667,item_1672,item_1682,item_1684,item_1691,item_1700,item_1705,item_1706,item_1729,item_1733,item_1736,item_1739,item_1753,item_1759,item_1766,item_1770,item_1774,item_1775,item_1786,item_1790,item_1801,item_1802,item_1805,item_1814,item_1830,item_1843,item_1845,item_1846,item_1856,item_1857,item_1860,item_1864,item_1876,item_1880,item_1882,item_1884,item_1888,item_1893,item_1894,item_1901,item_1902,item_1906,item_1917,item_1921,item_1922,item_1924,item_1931,item_1943,item_1958,item_1962,item_1965,item_1966,item_1981,item_1990,item_1991,item_1992,item_1999,item_2007,item_2008,item_2009,item_2017,item_2018,item_2020,item_2021,item_2039,item_2041,item_2047,item_2056,item_2063,item_2073,item_2078,item_2089,item_2103,item_2105,item_2121,item_2122,item_2125,item_2127,item_2128,item_2134,item_2137,item_2143,,,,,,,,,,,,,,,,,,,,,,,,,,,,,,,,,,,,,,,,,,,,,,,,,,,,,,,,,,,,,,,,,,,,,,,,,,,,,,,,,,,,,,,,,,,,,,,,,,,,,,,,,,,,,,,,,,,,,,,,,,,,,,,,,,,,,,,,,,,,,,,,,,,,,,,,,,,,,,,,,,,,,,,,,,,,,,,,,,,,,,,,,,,,,,,,,,,,,,,,,,,,,,,,,,,,,,,,,,,,,,,,,,,,,,,,,,,,,,,,,,,,,,,,,,,,,,,,,,,,,,,,,,,,,,,,,,,,,,,,,,,,,,,,,,,,,,,,,,,,,,,,,,,,,,,,,,,,,,,,,,,,,,,,,,,,,,,,,,,,,,,,,,,,,,,,,,,,,,,,,,,,,,,,,,,,,,,,,,,,,,,,,,,,,,,,,,,,,,,,,,,,,,,,,,,,,,,,,,,,,,,,,,,,,,,,,,,,,,,,,,,,,,,,,,,,,,,,,,,,,,,,,,,,,,,,,,,,,,,,,,,,,,,,,,,,,,,,,,,,,,,,,,,,,,,,,,,,,,,,,,,,,,,,,,,,,,,,,,,,,,,
11,Electrician-Resume-Sample-MSWord-Download.docx,,item_1,item_14,item_107,item_109,item_146,item_155,item_182,item_201,item_240,item_303,item_322,item_446,item_467,item_554,item_627,item_631,item_639,item_656,item_674,item_734,item_742,item_805,item_945,item_948,item_1078,item_1112,item_1189,item_1190,item_1276,item_1376,item_1397,item_1439,item_1470,item_1507,item_1508,item_1613,item_1661,item_1846,item_1860,item_1864,item_1888,item_1893,item_1901,item_1902,item_1906,item_1921,item_1924,item_1943,item_2047,item_2063,item_2122,,,,,,,,,,,,,,,,,,,,,,,,,,,,,,,,,,,,,,,,,,,,,,,,,,,,,,,,,,,,,,,,,,,,,,,,,,,,,,,,,,,,,,,,,,,,,,,,,,,,,,,,,,,,,,,,,,,,,,,,,,,,,,,,,,,,,,,,,,,,,,,,,,,,,,,,,,,,,,,,,,,,,,,,,,,,,,,,,,,,,,,,,,,,,,,,,,,,,,,,,,,,,,,,,,,,,,,,,,,,,,,,,,,,,,,,,,,,,,,,,,,,,,,,,,,,,,,,,,,,,,,,,,,,,,,,,,,,,,,,,,,,,,,,,,,,,,,,,,,,,,,,,,,,,,,,,,,,,,,,,,,,,,,,,,,,,,,,,,,,,,,,,,,,,,,,,,,,,,,,,,,,,,,,,,,,,,,,,,,,,,,,,,,,,,,,,,,,,,,,,,,,,,,,,,,,,,,,,,,,,,,,,,,,,,,,,,,,,,,,,,,,,,,,,,,,,,,,,,,,,,,,,,,,,,,,,,,,,,,,,,,,,,,,,,,,,,,,,,,,,,,,,,,,,,,,,,,,,,,,,,,,,,,,,,,,,,,,,,,,,,,,,,,,,,,,,,,,,,,,,,,,,,,,,,,,,,,,,,,,,,,,,,,,,,,,,,,,,,,,,,,,,,,,,,,,,,,,,,,,,,,,,,,,,,,,,,,,,,,,,,,,,,,,,,,,,,,,,,,,,,,,,,,,,,,,,,,,,,,,,,,,,,,,,,,,,,,,,,,,,,,,,,,,,,,,,,,,,,,,,,,,,,,,,,,,,,,,,,,,,,,,,,,,,,,,,,,,,,,,,,,,,,,,,,,,,,,,,,,,,,,,,,,,,,,,,,,,,,,,,,,,,,,,,,,,,,,,,,,,,,,,,,,,,,,,,,,,,,,,,,,,,,,,,,,,,,,,,,,
12,Elementary-Teacher-Resume-Sample-MSWord-Download.docx,,,,,,,,,,,,,,,,,,,,,,,,,,,,,,,,,,,,,,,,,,,,,,,,,,,,,,,,,,,,,,,,,,,,,,,,,,,,,,,,,,,,,,,,,,,,,,,,,,,,,,,,,,,,,,,,,,,,,,,,,,,,,,,,,,,,,,,,,,,,,,,,,,,,,,,,,,,,,,,,,,,,,,,,,,,,,,,,,,,,,,,,,,,,,,,,,,,,,,,,,,,,,,,,,,,,,,,,,,,,,,,,,,,,,,,,,,,,,,,,,,,,,,,,,,,,,,,,,,,,,,,,,,,,,,,,,,,,,,,,,,,,,,,,,,,,,,,,,,,,,,,,,,,,,,,,,,,,,,,,,,,,,,,,,,,,,,,,,,,,,,,,,,,,,,,,,,,,,,,,,,,,,,,,,,,,,,,,,,,,,,,,,,,,,,,,,,,,,,,,,,,,,,,,,,,,,,,,,,,,,,,,,,,,,,,,,,,,,,,,,,,,,,,,,,,,,,,,,,,,,,,,,,,,,,,,,,,,,,,,,,,,,,,,,,,,,,,,,,,,,,,,,,,,,,,,,,,,,,,,,,,,,,,,,,,,,,,,,,,,,,,,,,,,,,,,,,,,,,,,,,,,,,,,,,,,,,,,,,,,,,,,,,,,,,,,,,,,,,,,,,,,,,,,,,,,,,,,,,,,,,,,,,,,,,,,,,,,,,,,,,,,,,,,,,,,,,,,,,,,,,,,,,,,,,,,,,,,,,,,,,,,,,,,,,,,,,,,,,,,,,,,,,,,,,,,,,,,,,,,,,,,,,,,,,,,,,,,,,,,,,,,,,,,,,,,,,,,,,,,,,,,,,,,,,,,,,,,,,,,,,,,,,,,,,,,,,,,,,,,,,,,,,,,,,,,,,,,,,,,,,,,,,,,,,,,,,,,,,,,,,,,,,,,,,,,,,,,,,,,,,,,,,,,,,,,,,,,,,,,,,,,,,,,,,,,,,,,,,,,,,,,,,,,,,,
13,English-Tutor-Resume-Sample-MSWord-Download.docx,,,,,,,,,,,,,,,,,,,,,,,,,,,,,,,,,,,,,,,,,,,,,,,,,,,,,,,,,,,,,,,,,,,,,,,,,,,,,,,,,,,,,,,,,,,,,,,,,,,,,,,,,,,,,,,,,,,,,,,,,,,,,,,,,,,,,,,,,,,,,,,,,,,,,,,,,,,,,,,,,,,,,,,,,,,,,,,,,,,,,,,,,,,,,,,,,,,,,,,,,,,,,,,,,,,,,,,,,,,,,,,,,,,,,,,,,,,,,,,,,,,,,,,,,,,,,,,,,,,,,,,,,,,,,,,,,,,,,,,,,,,,,,,,,,,,,,,,,,,,,,,,,,,,,,,,,,,,,,,,,,,,,,,,,,,,,,,,,,,,,,,,,,,,,,,,,,,,,,,,,,,,,,,,,,,,,,,,,,,,,,,,,,,,,,,,,,,,,,,,,,,,,,,,,,,,,,,,,,,,,,,,,,,,,,,,,,,,,,,,,,,,,,,,,,,,,,,,,,,,,,,,,,,,,,,,,,,,,,,,,,,,,,,,,,,,,,,,,,,,,,,,,,,,,,,,,,,,,,,,,,,,,,,,,,,,,,,,,,,,,,,,,,,,,,,,,,,,,,,,,,,,,,,,,,,,,,,,,,,,,,,,,,,,,,,,,,,,,,,,,,,,,,,,,,,,,,,,,,,,,,,,,,,,,,,,,,,,,,,,,,,,,,,,,,,,,,,,,,,,,,,,,,,,,,,,,,,,,,,,,,,,,,,,,,,,,,,,,,,,,,,,,,,,,,,,,,,,,,,,,,,,,,,,,,,,,,,,,,,,,,,,,,,,,,,,,,,,,,,,,,,,,,,,,,,,,,,,,,,,,,,,,,,,,,,,,,,,,,,,,,,,,,,,,,,,,,,,,,,,,,,,,,,,,,,,,,,,,,,,,,,,,,,,,,,,,,,,,,,,,,,,,,,,,,,,,,,,,,,,,,,,,,,,,,,,,,,,,,,,,,,,,,,,,,,
14,Experienced_Full-Stack_Developer.docx,,item_1,item_3,item_4,item_10,item_11,item_12,item_14,item_17,item_18,item_20,item_23,item_24,item_26,item_28,item_29,item_30,item_34,item_36,item_37,item_39,item_42,item_43,item_44,item_46,item_50,item_52,item_53,item_57,item_61,item_63,item_64,item_65,item_66,item_67,item_71,item_72,item_73,item_74,item_79,item_83,item_85,item_87,item_88,item_89,item_90,item_91,item_94,item_97,item_103,item_104,item_107,item_109,item_113,item_115,item_116,item_119,item_121,item_122,item_123,item_129,item_130,item_134,item_136,item_137,item_139,item_142,item_144,item_146,item_149,item_150,item_152,item_155,item_156,item_158,item_165,item_166,item_171,item_177,item_178,item_182,item_183,item_184,item_186,item_189,item_191,item_193,item_195,item_199,item_200,item_201,item_202,item_206,item_208,item_210,item_211,item_212,item_213,item_219,item_222,item_225,item_229,item_230,item_232,item_233,item_235,item_238,item_239,item_240,item_241,item_248,item_253,item_254,item_257,item_259,item_260,item_266,item_271,item_276,item_277,item_279,item_284,item_286,item_288,item_295,item_297,item_299,item_300,item_303,item_307,item_309,item_314,item_316,item_319,item_322,item_324,item_326,item_327,item_328,item_332,item_335,item_338,item_343,item_346,item_347,item_351,item_356,item_358,item_362,item_363,item_364,item_368,item_369,item_372,item_374,item_378,item_381,item_382,item_388,item_393,item_394,item_395,item_397,item_398,item_399,item_400,item_401,item_403,item_406,item_410,item_411,item_413,item_415,item_416,item_420,item_421,item_422,item_423,item_428,item_429,item_432,item_433,item_434,item_435,item_441,item_446,item_448,item_449,item_451,item_453,item_457,item_459,item_460,item_463,item_466,item_467,item_472,item_473,item_474,item_482,item_483,item_485,item_486,item_493,item_495,item_496,item_500,item_501,item_502,item_503,item_505,item_507,item_508,item_509,item_511,item_512,item_513,item_516,item_519,item_520,item_523,item_526,item_532,item_533,item_536,item_540,item_541,item_543,item_544,item_545,item_548,item_551,item_554,item_565,item_570,item_575,item_579,item_582,item_583,item_584,item_585,item_591,item_597,item_602,item_606,item_608,item_609,item_612,item_617,item_619,item_622,item_623,item_627,item_631,item_634,item_635,item_636,item_637,item_639,item_641,item_642,item_645,item_647,item_648,item_655,item_656,item_657,item_659,item_660,item_661,item_663,item_664,item_668,item_671,item_672,item_674,item_678,item_680,item_685,item_686,item_690,item_691,item_692,item_693,item_694,item_696,item_698,item_701,item_705,item_706,item_708,item_711,item_714,item_718,item_719,item_720,item_725,item_726,item_728,item_729,item_730,item_732,item_733,item_734,item_735,item_740,item_742,item_748,item_752,item_753,item_755,item_760,item_761,item_762,item_763,item_766,item_767,item_768,item_770,item_773,item_776,item_779,item_780,item_781,item_782,item_785,item_788,item_789,item_790,item_794,item_795,item_797,item_801,item_804,item_805,item_808,item_812,item_814,item_820,item_821,item_824,item_827,item_828,item_830,item_831,item_833,item_834,item_835,item_836,item_837,item_840,item_841,item_847,item_849,item_854,item_860,item_861,item_863,item_866,item_870,item_873,item_875,item_877,item_878,item_881,item_882,item_883,item_886,item_887,item_889,item_892,item_896,item_897,item_899,item_903,item_904,item_905,item_909,item_910,item_911,item_915,item_916,item_917,item_918,item_920,item_923,item_925,item_926,item_930,item_932,item_933,item_934,item_937,item_939,item_943,item_945,item_947,item_948,item_956,item_963,item_964,item_965,item_969,item_970,item_972,item_973,item_974,item_975,item_977,item_979,item_981,item_983,item_984,item_985,item_986,item_990,item_992,item_993,item_996,item_999,item_1000,item_1001,item_1007,item_1009,item_1012,item_1018,item_1020,item_1021,item_1022,item_1024,item_1025,item_1027,item_1029,item_1032,item_1033,item_1034,item_1042,item_1043,item_1044,item_1048,item_1050,item_1051,item_1052,item_1053,item_1054,item_1056,item_1057,item_1058,item_1062,item_1063,item_1068,item_1072,item_1073,item_1074,item_1076,item_1078,item_1080,item_1085,item_1086,item_1089,item_1094,item_1098,item_1100,item_1102,item_1103,item_1104,item_1106,item_1107,item_1110,item_1112,item_1113,item_1115,item_1117,item_1118,item_1119,item_1120,item_1121,item_1126,item_1128,item_1133,item_1135,item_1136,item_1138,item_1142,item_1143,item_1147,item_1154,item_1156,item_1159,item_1160,item_1164,item_1168,item_1169,item_1173,item_1176,item_1177,item_1180,item_1183,item_1188,item_1189,item_1190,item_1196,item_1197,item_1199,item_1201,item_1204,item_1210,item_1212,item_1213,item_1214,item_1219,item_1220,item_1221,item_1222,item_1224,item_1228,item_1231,item_1233,item_1234,item_1236,item_1237,item_1238,item_1239,item_1241,item_1245,item_1247,item_1251,item_1252,item_1253,item_1263,item_1264,item_1265,item_1266,item_1267,item_1268,item_1270,item_1271,item_1272,item_1273,item_1274,item_1275,item_1276,item_1280,item_1285,item_1288,item_1290,item_1291,item_1292,item_1304,item_1306,item_1307,item_1308,item_1310,item_1311,item_1318,item_1319,item_1320,item_1321,item_1324,item_1326,item_1327,item_1333,item_1334,item_1335,item_1341,item_1344,item_1345,item_1347,item_1348,item_1349,item_1350,item_1356,item_1357,item_1361,item_1364,item_1365,item_1370,item_1374,item_1376,item_1377,item_1381,item_1382,item_1383,item_1387,item_1388,item_1391,item_1392,item_1394,item_1395,item_1397,item_1399,item_1400,item_1404,item_1408,item_1410,item_1411,item_1412,item_1414,item_1423,item_1424,item_1427,item_1428,item_1432,item_1433,item_1434,item_1435,item_1436,item_1439,item_1443,item_1444,item_1445,item_1448,item_1451,item_1452,item_1453,item_1454,item_1457,item_1459,item_1464,item_1470,item_1472,item_1473,item_1474,item_1476,item_1478,item_1482,item_1487,item_1495,item_1497,item_1501,item_1502,item_1506,item_1507,item_1508,item_1510,item_1513,item_1516,item_1520,item_1521,item_1522,item_1524,item_1531,item_1533,item_1544,item_1548,item_1550,item_1551,item_1553,item_1560,item_1562,item_1564,item_1565,item_1566,item_1567,item_1569,item_1571,item_1573,item_1576,item_1578,item_1579,item_1581,item_1582,item_1583,item_1587,item_1589,item_1590,item_1591,item_1593,item_1595,item_1597,item_1598,item_1602,item_1604,item_1611,item_1613,item_1615,item_1618,item_1620,item_1622,item_1627,item_1632,item_1633,item_1638,item_1639,item_1642,item_1643,item_1647,item_1648,item_1649,item_1651,item_1652,item_1653,item_1655,item_1656,item_1661,item_1663,item_1666,item_1667,item_1668,item_1672,item_1675,item_1676,item_1678,item_1682,item_1684,item_1689,item_1690,item_1691,item_1694,item_1698,item_1700,item_1703,item_1705,item_1706,item_1707,item_1711,item_1712,item_1713,item_1714,item_1715,item_1716,item_1717,item_1720,item_1723,item_1724,item_1727,item_1729,item_1730,item_1733,item_1736,item_1739,item_1741,item_1745,item_1751,item_1753,item_1755,item_1759,item_1760,item_1761,item_1762,item_1766,item_1768,item_1769,item_1770,item_1774,item_1775,item_1776,item_1778,item_1780,item_1786,item_1792,item_1794,item_1801,item_1802,item_1804,item_1805,item_1810,item_1813,item_1814,item_1816,item_1821,item_1823,item_1825,item_1828,item_1830,item_1837,item_1838,item_1839,item_1840,item_1841,item_1842,item_1843,item_1844,item_1845,item_1846,item_1847,item_1850,item_1855,item_1856,item_1857,item_1858,item_1859,item_1860,item_1861,item_1863,item_1864,item_1865,item_1867,item_1871,item_1872,item_1876,item_1877,item_1878,item_1880,item_1882,item_1884,item_1886,item_1888,item_1889,item_1890,item_1893,item_1894,item_1895,item_1898,item_1901,item_1902,item_1905,item_1906,item_1911,item_1917,item_1921,item_1922,item_1927,item_1928,item_1929,item_1930,item_1931,item_1933,item_1938,item_1942,item_1943,item_1944,item_1949,item_1952,item_1955,item_1957,item_1958,item_1962,item_1963,item_1964,item_1965,item_1966,item_1970,item_1973,item_1974,item_1975,item_1978,item_1979,item_1981,item_1987,item_1988,item_1990,item_1991,item_1992,item_1993,item_2001,item_2004,item_2007,item_2008,item_2009,item_2010,item_2013,item_2014,item_2015,item_2017,item_2018,item_2021,item_2024,item_2031,item_2034,item_2037,item_2039,item_2040,item_2041,item_2042,item_2045,item_2047,item_2049,item_2050,item_2053,item_2055,item_2056,item_2057,item_2063,item_2065,item_2067,item_2071,item_2072,item_2073,item_2074,item_2075,item_2078,item_2080,item_2081,item_2085,item_2086,item_2088,item_2089,item_2092,item_2094,item_2097,item_2104,item_2105,item_2108,item_2113,item_2114,item_2119,item_2121,item_2122,item_2125,item_2127,item_2128,item_2130,item_2134,item_2135,item_2136,item_2137,item_2138,item_2139,item_2143,item_2147
15,Flight-Attendant-Resume-MSWord-Download.docx,,item_63,item_65,item_107,item_109,item_113,item_136,item_146,item_155,item_222,item_297,item_303,item_322,item_446,item_467,item_532,item_554,item_582,item_627,item_631,item_639,item_656,item_674,item_734,item_742,item_805,item_1078,item_1112,item_1189,item_1190,item_1273,item_1276,item_1376,item_1397,item_1470,item_1521,item_1581,item_1613,item_1632,item_1661,item_1830,item_1846,item_1860,item_1864,item_1888,item_1893,item_1901,item_1902,item_1906,item_1921,item_2021,item_2039,item_2047,item_2063,item_2127,item_2128,,,,,,,,,,,,,,,,,,,,,,,,,,,,,,,,,,,,,,,,,,,,,,,,,,,,,,,,,,,,,,,,,,,,,,,,,,,,,,,,,,,,,,,,,,,,,,,,,,,,,,,,,,,,,,,,,,,,,,,,,,,,,,,,,,,,,,,,,,,,,,,,,,,,,,,,,,,,,,,,,,,,,,,,,,,,,,,,,,,,,,,,,,,,,,,,,,,,,,,,,,,,,,,,,,,,,,,,,,,,,,,,,,,,,,,,,,,,,,,,,,,,,,,,,,,,,,,,,,,,,,,,,,,,,,,,,,,,,,,,,,,,,,,,,,,,,,,,,,,,,,,,,,,,,,,,,,,,,,,,,,,,,,,,,,,,,,,,,,,,,,,,,,,,,,,,,,,,,,,,,,,,,,,,,,,,,,,,,,,,,,,,,,,,,,,,,,,,,,,,,,,,,,,,,,,,,,,,,,,,,,,,,,,,,,,,,,,,,,,,,,,,,,,,,,,,,,,,,,,,,,,,,,,,,,,,,,,,,,,,,,,,,,,,,,,,,,,,,,,,,,,,,,,,,,,,,,,,,,,,,,,,,,,,,,,,,,,,,,,,,,,,,,,,,,,,,,,,,,,,,,,,,,,,,,,,,,,,,,,,,,,,,,,,,,,,,,,,,,,,,,,,,,,,,,,,,,,,,,,,,,,,,,,,,,,,,,,,,,,,,,,,,,,,,,,,,,,,,,,,,,,,,,,,,,,,,,,,,,,,,,,,,,,,,,,,,,,,,,,,,,,,,,,,,,,,,,,,,,,,,,,,,,,,,,,,,,,,,,,,,,,,,,,,,,,,,,,,,,,,,,,,,,,,,,,,,,,,,,,,,,,,,,,,,,,,,,,,,,,,,,,,,,,,,,,,,,,,,,,,,,,,,,,,,,,,,,,,,,,,,,,,,,,,,,,,,,,
16,Graphic-Designer-Resume-Sample-MSWord-Download.docx,,item_1,item_14,item_18,item_20,item_26,item_28,item_37,item_63,item_65,item_74,item_103,item_107,item_109,item_113,item_116,item_136,item_146,item_152,item_155,item_182,item_186,item_191,item_201,item_208,item_222,item_230,item_233,item_238,item_257,item_297,item_303,item_322,item_331,item_338,item_350,item_383,item_394,item_411,item_446,item_451,item_457,item_467,item_509,item_532,item_536,item_554,item_572,item_582,item_597,item_627,item_631,item_639,item_648,item_656,item_661,item_667,item_672,item_674,item_680,item_729,item_734,item_735,item_742,item_767,item_780,item_788,item_805,item_808,item_815,item_828,item_830,item_837,item_840,item_841,item_847,item_861,item_899,item_913,item_920,item_932,item_933,item_945,item_948,item_981,item_1015,item_1037,item_1041,item_1044,item_1056,item_1076,item_1078,item_1103,item_1104,item_1106,item_1112,item_1117,item_1121,item_1138,item_1154,item_1177,item_1179,item_1180,item_1189,item_1190,item_1219,item_1228,item_1231,item_1236,item_1238,item_1247,item_1253,item_1264,item_1266,item_1267,item_1273,item_1276,item_1288,item_1292,item_1318,item_1336,item_1344,item_1374,item_1376,item_1387,item_1397,item_1410,item_1412,item_1433,item_1434,item_1439,item_1443,item_1445,item_1464,item_1470,item_1476,item_1507,item_1508,item_1520,item_1521,item_1530,item_1545,item_1548,item_1560,item_1561,item_1581,item_1599,item_1613,item_1618,item_1632,item_1661,item_1672,item_1684,item_1700,item_1729,item_1736,item_1739,item_1774,item_1814,item_1830,item_1846,item_1850,item_1857,item_1860,item_1864,item_1880,item_1882,item_1888,item_1893,item_1901,item_1902,item_1906,item_1917,item_1921,item_1922,item_1924,item_1943,item_1958,item_1966,item_1990,item_1998,item_2004,item_2008,item_2021,item_2039,item_2041,item_2047,item_2056,item_2063,item_2122,item_2127,item_2128,item_2137,,,,,,,,,,,,,,,,,,,,,,,,,,,,,,,,,,,,,,,,,,,,,,,,,,,,,,,,,,,,,,,,,,,,,,,,,,,,,,,,,,,,,,,,,,,,,,,,,,,,,,,,,,,,,,,,,,,,,,,,,,,,,,,,,,,,,,,,,,,,,,,,,,,,,,,,,,,,,,,,,,,,,,,,,,,,,,,,,,,,,,,,,,,,,,,,,,,,,,,,,,,,,,,,,,,,,,,,,,,,,,,,,,,,,,,,,,,,,,,,,,,,,,,,,,,,,,,,,,,,,,,,,,,,,,,,,,,,,,,,,,,,,,,,,,,,,,,,,,,,,,,,,,,,,,,,,,,,,,,,,,,,,,,,,,,,,,,,,,,,,,,,,,,,,,,,,,,,,,,,,,,,,,,,,,,,,,,,,,,,,,,,,,,,,,,,,,,,,,,,,,,,,,,,,,,,,,,,,,,,,,,,,,,,,,,,,,,,,,,,,,,,,,,,,,,,,,,,,,,,,,,,,,,,,,,,,,,,,,,,,,,,,,,,,,,,,,,,,,,,,,,,,,,,,,,,,,,,,,,,,,,,,,,,,,,,,,,,,,,,,,,,,,,,,,,,,,,,,,,,,,,,,,,,,,,,,,,,,,,,,,,,,,,,,,,,,,,,,,,,,,,,,,,,,,,,,,,,,,,,,,,,,,,,,,,,,,,,,,,,,,,,,,,,,,,,,,,,,,,,,,,,,,,,,,,,,,,,,,,,,,,,,,,,,,,,,,,,,,,,,,,,,,,,,,,,,,,,,,
17,Hair-stylist-resume-sample-MSWord-Download.docx,,,,,,,,,,,,,,,,,,,,,,,,,,,,,,,,,,,,,,,,,,,,,,,,,,,,,,,,,,,,,,,,,,,,,,,,,,,,,,,,,,,,,,,,,,,,,,,,,,,,,,,,,,,,,,,,,,,,,,,,,,,,,,,,,,,,,,,,,,,,,,,,,,,,,,,,,,,,,,,,,,,,,,,,,,,,,,,,,,,,,,,,,,,,,,,,,,,,,,,,,,,,,,,,,,,,,,,,,,,,,,,,,,,,,,,,,,,,,,,,,,,,,,,,,,,,,,,,,,,,,,,,,,,,,,,,,,,,,,,,,,,,,,,,,,,,,,,,,,,,,,,,,,,,,,,,,,,,,,,,,,,,,,,,,,,,,,,,,,,,,,,,,,,,,,,,,,,,,,,,,,,,,,,,,,,,,,,,,,,,,,,,,,,,,,,,,,,,,,,,,,,,,,,,,,,,,,,,,,,,,,,,,,,,,,,,,,,,,,,,,,,,,,,,,,,,,,,,,,,,,,,,,,,,,,,,,,,,,,,,,,,,,,,,,,,,,,,,,,,,,,,,,,,,,,,,,,,,,,,,,,,,,,,,,,,,,,,,,,,,,,,,,,,,,,,,,,,,,,,,,,,,,,,,,,,,,,,,,,,,,,,,,,,,,,,,,,,,,,,,,,,,,,,,,,,,,,,,,,,,,,,,,,,,,,,,,,,,,,,,,,,,,,,,,,,,,,,,,,,,,,,,,,,,,,,,,,,,,,,,,,,,,,,,,,,,,,,,,,,,,,,,,,,,,,,,,,,,,,,,,,,,,,,,,,,,,,,,,,,,,,,,,,,,,,,,,,,,,,,,,,,,,,,,,,,,,,,,,,,,,,,,,,,,,,,,,,,,,,,,,,,,,,,,,,,,,,,,,,,,,,,,,,,,,,,,,,,,,,,,,,,,,,,,,,,,,,,,,,,,,,,,,,,,,,,,,,,,,,,,,,,,,,,,,,,,,,,,,,,,,,,,,,,,,,,
18,hospitality-hotel-front-desk-resume-sample-MSWord-download.docx,,,,,,,,,,,,,,,,,,,,,,,,,,,,,,,,,,,,,,,,,,,,,,,,,,,,,,,,,,,,,,,,,,,,,,,,,,,,,,,,,,,,,,,,,,,,,,,,,,,,,,,,,,,,,,,,,,,,,,,,,,,,,,,,,,,,,,,,,,,,,,,,,,,,,,,,,,,,,,,,,,,,,,,,,,,,,,,,,,,,,,,,,,,,,,,,,,,,,,,,,,,,,,,,,,,,,,,,,,,,,,,,,,,,,,,,,,,,,,,,,,,,,,,,,,,,,,,,,,,,,,,,,,,,,,,,,,,,,,,,,,,,,,,,,,,,,,,,,,,,,,,,,,,,,,,,,,,,,,,,,,,,,,,,,,,,,,,,,,,,,,,,,,,,,,,,,,,,,,,,,,,,,,,,,,,,,,,,,,,,,,,,,,,,,,,,,,,,,,,,,,,,,,,,,,,,,,,,,,,,,,,,,,,,,,,,,,,,,,,,,,,,,,,,,,,,,,,,,,,,,,,,,,,,,,,,,,,,,,,,,,,,,,,,,,,,,,,,,,,,,,,,,,,,,,,,,,,,,,,,,,,,,,,,,,,,,,,,,,,,,,,,,,,,,,,,,,,,,,,,,,,,,,,,,,,,,,,,,,,,,,,,,,,,,,,,,,,,,,,,,,,,,,,,,,,,,,,,,,,,,,,,,,,,,,,,,,,,,,,,,,,,,,,,,,,,,,,,,,,,,,,,,,,,,,,,,,,,,,,,,,,,,,,,,,,,,,,,,,,,,,,,,,,,,,,,,,,,,,,,,,,,,,,,,,,,,,,,,,,,,,,,,,,,,,,,,,,,,,,,,,,,,,,,,,,,,,,,,,,,,,,,,,,,,,,,,,,,,,,,,,,,,,,,,,,,,,,,,,,,,,,,,,,,,,,,,,,,,,,,,,,,,,,,,,,,,,,,,,,,,,,,,,,,,,,,,,,,,,,,,,,,,,,,,,,,,,,,,,,,,,,,,,,,,,,
19,Housekeeping-Resume-Sample-MSWord-Download.docx,,item_116,item_136,item_146,item_152,item_297,item_672,item_742,item_805,item_1189,item_1273,item_1397,item_1470,item_1860,item_1864,item_1888,item_1906,item_1921,item_1965,item_2021,item_2047,item_2063,,,,,,,,,,,,,,,,,,,,,,,,,,,,,,,,,,,,,,,,,,,,,,,,,,,,,,,,,,,,,,,,,,,,,,,,,,,,,,,,,,,,,,,,,,,,,,,,,,,,,,,,,,,,,,,,,,,,,,,,,,,,,,,,,,,,,,,,,,,,,,,,,,,,,,,,,,,,,,,,,,,,,,,,,,,,,,,,,,,,,,,,,,,,,,,,,,,,,,,,,,,,,,,,,,,,,,,,,,,,,,,,,,,,,,,,,,,,,,,,,,,,,,,,,,,,,,,,,,,,,,,,,,,,,,,,,,,,,,,,,,,,,,,,,,,,,,,,,,,,,,,,,,,,,,,,,,,,,,,,,,,,,,,,,,,,,,,,,,,,,,,,,,,,,,,,,,,,,,,,,,,,,,,,,,,,,,,,,,,,,,,,,,,,,,,,,,,,,,,,,,,,,,,,,,,,,,,,,,,,,,,,,,,,,,,,,,,,,,,,,,,,,,,,,,,,,,,,,,,,,,,,,,,,,,,,,,,,,,,,,,,,,,,,,,,,,,,,,,,,,,,,,,,,,,,,,,,,,,,,,,,,,,,,,,,,,,,,,,,,,,,,,,,,,,,,,,,,,,,,,,,,,,,,,,,,,,,,,,,,,,,,,,,,,,,,,,,,,,,,,,,,,,,,,,,,,,,,,,,,,,,,,,,,,,,,,,,,,,,,,,,,,,,,,,,,,,,,,,,,,,,,,,,,,,,,,,,,,,,,,,,,,,,,,,,,,,,,,,,,,,,,,,,,,,,,,,,,,,,,,,,,,,,,,,,,,,,,,,,,,,,,,,,,,,,,,,,,,,,,,,,,,,,,,,,,,,,,,,,,,,,,,,,,,,,,,,,,,,,,,,,,,,,,,,,,,,,,,,,,,,,,,,,,,,,,,,,,,,,,,,,,,,,,,,,,,,,,,,,,,,,,,,,,,,,,,,,,,,,,,,,,,,,,,
20,Maintenance-Worker-Resume-Sample-MSWord-Download.docx,,item_1,item_14,item_26,item_28,item_37,item_65,item_107,item_109,item_113,item_116,item_136,item_137,item_146,item_152,item_155,item_182,item_191,item_201,item_208,item_222,item_230,item_233,item_240,item_297,item_303,item_322,item_338,item_356,item_411,item_420,item_446,item_449,item_532,item_540,item_551,item_554,item_572,item_582,item_627,item_631,item_639,item_645,item_656,item_661,item_672,item_674,item_694,item_729,item_734,item_742,item_755,item_767,item_780,item_788,item_805,item_830,item_837,item_861,item_870,item_881,item_897,item_899,item_904,item_932,item_933,item_981,item_1037,item_1044,item_1078,item_1103,item_1112,item_1115,item_1120,item_1121,item_1135,item_1138,item_1180,item_1189,item_1190,item_1228,item_1252,item_1273,item_1276,item_1288,item_1307,item_1347,item_1376,item_1387,item_1397,item_1410,item_1412,item_1433,item_1434,item_1439,item_1443,item_1445,item_1464,item_1470,item_1476,item_1497,item_1521,item_1522,item_1562,item_1581,item_1602,item_1613,item_1632,item_1638,item_1661,item_1691,item_1729,item_1736,item_1805,item_1838,item_1846,item_1860,item_1864,item_1882,item_1888,item_1893,item_1901,item_1902,item_1906,item_1921,item_1943,item_1965,item_1975,item_1991,item_2021,item_2039,item_2047,item_2063,item_2122,item_2125,item_2127,item_2128,item_2143,,,,,,,,,,,,,,,,,,,,,,,,,,,,,,,,,,,,,,,,,,,,,,,,,,,,,,,,,,,,,,,,,,,,,,,,,,,,,,,,,,,,,,,,,,,,,,,,,,,,,,,,,,,,,,,,,,,,,,,,,,,,,,,,,,,,,,,,,,,,,,,,,,,,,,,,,,,,,,,,,,,,,,,,,,,,,,,,,,,,,,,,,,,,,,,,,,,,,,,,,,,,,,,,,,,,,,,,,,,,,,,,,,,,,,,,,,,,,,,,,,,,,,,,,,,,,,,,,,,,,,,,,,,,,,,,,,,,,,,,,,,,,,,,,,,,,,,,,,,,,,,,,,,,,,,,,,,,,,,,,,,,,,,,,,,,,,,,,,,,,,,,,,,,,,,,,,,,,,,,,,,,,,,,,,,,,,,,,,,,,,,,,,,,,,,,,,,,,,,,,,,,,,,,,,,,,,,,,,,,,,,,,,,,,,,,,,,,,,,,,,,,,,,,,,,,,,,,,,,,,,,,,,,,,,,,,,,,,,,,,,,,,,,,,,,,,,,,,,,,,,,,,,,,,,,,,,,,,,,,,,,,,,,,,,,,,,,,,,,,,,,,,,,,,,,,,,,,,,,,,,,,,,,,,,,,,,,,,,,,,,,,,,,,,,,,,,,,,,,,,,,,,,,,,,,,,,,,,,,,,,,,,,,,,,,,,,,,,,,,,,,,,,,,,,,,,,,,,,,,,,,,,,,,,,,,,,,,,,,,,,,,,,,,,,,,,,,,,,,,,,,,,,,,,,,,,,,,,,,,,,,,,,,,,,,,,,,,,,,,,,,,,,,,,,,,,,,,,,,,,,,,,,,,,,,,,
21,Makeup-Artist-Resume-Sample-MSWord-Download.docx,,,,,,,,,,,,,,,,,,,,,,,,,,,,,,,,,,,,,,,,,,,,,,,,,,,,,,,,,,,,,,,,,,,,,,,,,,,,,,,,,,,,,,,,,,,,,,,,,,,,,,,,,,,,,,,,,,,,,,,,,,,,,,,,,,,,,,,,,,,,,,,,,,,,,,,,,,,,,,,,,,,,,,,,,,,,,,,,,,,,,,,,,,,,,,,,,,,,,,,,,,,,,,,,,,,,,,,,,,,,,,,,,,,,,,,,,,,,,,,,,,,,,,,,,,,,,,,,,,,,,,,,,,,,,,,,,,,,,,,,,,,,,,,,,,,,,,,,,,,,,,,,,,,,,,,,,,,,,,,,,,,,,,,,,,,,,,,,,,,,,,,,,,,,,,,,,,,,,,,,,,,,,,,,,,,,,,,,,,,,,,,,,,,,,,,,,,,,,,,,,,,,,,,,,,,,,,,,,,,,,,,,,,,,,,,,,,,,,,,,,,,,,,,,,,,,,,,,,,,,,,,,,,,,,,,,,,,,,,,,,,,,,,,,,,,,,,,,,,,,,,,,,,,,,,,,,,,,,,,,,,,,,,,,,,,,,,,,,,,,,,,,,,,,,,,,,,,,,,,,,,,,,,,,,,,,,,,,,,,,,,,,,,,,,,,,,,,,,,,,,,,,,,,,,,,,,,,,,,,,,,,,,,,,,,,,,,,,,,,,,,,,,,,,,,,,,,,,,,,,,,,,,,,,,,,,,,,,,,,,,,,,,,,,,,,,,,,,,,,,,,,,,,,,,,,,,,,,,,,,,,,,,,,,,,,,,,,,,,,,,,,,,,,,,,,,,,,,,,,,,,,,,,,,,,,,,,,,,,,,,,,,,,,,,,,,,,,,,,,,,,,,,,,,,,,,,,,,,,,,,,,,,,,,,,,,,,,,,,,,,,,,,,,,,,,,,,,,,,,,,,,,,,,,,,,,,,,,,,,,,,,,,,,,,,,,,,,,,,,,,,,,,,,,,,,
22,Music-Resume-Sample-MSWord-Download.docx,,,,,,,,,,,,,,,,,,,,,,,,,,,,,,,,,,,,,,,,,,,,,,,,,,,,,,,,,,,,,,,,,,,,,,,,,,,,,,,,,,,,,,,,,,,,,,,,,,,,,,,,,,,,,,,,,,,,,,,,,,,,,,,,,,,,,,,,,,,,,,,,,,,,,,,,,,,,,,,,,,,,,,,,,,,,,,,,,,,,,,,,,,,,,,,,,,,,,,,,,,,,,,,,,,,,,,,,,,,,,,,,,,,,,,,,,,,,,,,,,,,,,,,,,,,,,,,,,,,,,,,,,,,,,,,,,,,,,,,,,,,,,,,,,,,,,,,,,,,,,,,,,,,,,,,,,,,,,,,,,,,,,,,,,,,,,,,,,,,,,,,,,,,,,,,,,,,,,,,,,,,,,,,,,,,,,,,,,,,,,,,,,,,,,,,,,,,,,,,,,,,,,,,,,,,,,,,,,,,,,,,,,,,,,,,,,,,,,,,,,,,,,,,,,,,,,,,,,,,,,,,,,,,,,,,,,,,,,,,,,,,,,,,,,,,,,,,,,,,,,,,,,,,,,,,,,,,,,,,,,,,,,,,,,,,,,,,,,,,,,,,,,,,,,,,,,,,,,,,,,,,,,,,,,,,,,,,,,,,,,,,,,,,,,,,,,,,,,,,,,,,,,,,,,,,,,,,,,,,,,,,,,,,,,,,,,,,,,,,,,,,,,,,,,,,,,,,,,,,,,,,,,,,,,,,,,,,,,,,,,,,,,,,,,,,,,,,,,,,,,,,,,,,,,,,,,,,,,,,,,,,,,,,,,,,,,,,,,,,,,,,,,,,,,,,,,,,,,,,,,,,,,,,,,,,,,,,,,,,,,,,,,,,,,,,,,,,,,,,,,,,,,,,,,,,,,,,,,,,,,,,,,,,,,,,,,,,,,,,,,,,,,,,,,,,,,,,,,,,,,,,,,,,,,,,,,,,,,,,,,,,,,,,,,,,,,,,,,,,,,,,,,,,,,,,
23,Nanny-Resume-Sample-MSWord-Download.docx,,item_14,item_26,item_28,item_65,item_103,item_129,item_136,item_182,item_222,item_297,item_322,item_338,item_362,item_411,item_420,item_446,item_482,item_496,item_582,item_639,item_657,item_672,item_686,item_734,item_742,item_767,item_805,item_830,item_837,item_904,item_920,item_933,item_973,item_1078,item_1112,item_1135,item_1138,item_1180,item_1189,item_1252,item_1273,item_1307,item_1311,item_1387,item_1397,item_1434,item_1443,item_1445,item_1470,item_1521,item_1522,item_1571,item_1581,item_1602,item_1652,item_1661,item_1691,item_1705,item_1804,item_1805,item_1846,item_1860,item_1864,item_1888,item_1893,item_1906,item_1917,item_1921,item_1943,item_1965,item_1974,item_2021,item_2047,item_2063,item_2125,item_2128,,,,,,,,,,,,,,,,,,,,,,,,,,,,,,,,,,,,,,,,,,,,,,,,,,,,,,,,,,,,,,,,,,,,,,,,,,,,,,,,,,,,,,,,,,,,,,,,,,,,,,,,,,,,,,,,,,,,,,,,,,,,,,,,,,,,,,,,,,,,,,,,,,,,,,,,,,,,,,,,,,,,,,,,,,,,,,,,,,,,,,,,,,,,,,,,,,,,,,,,,,,,,,,,,,,,,,,,,,,,,,,,,,,,,,,,,,,,,,,,,,,,,,,,,,,,,,,,,,,,,,,,,,,,,,,,,,,,,,,,,,,,,,,,,,,,,,,,,,,,,,,,,,,,,,,,,,,,,,,,,,,,,,,,,,,,,,,,,,,,,,,,,,,,,,,,,,,,,,,,,,,,,,,,,,,,,,,,,,,,,,,,,,,,,,,,,,,,,,,,,,,,,,,,,,,,,,,,,,,,,,,,,,,,,,,,,,,,,,,,,,,,,,,,,,,,,,,,,,,,,,,,,,,,,,,,,,,,,,,,,,,,,,,,,,,,,,,,,,,,,,,,,,,,,,,,,,,,,,,,,,,,,,,,,,,,,,,,,,,,,,,,,,,,,,,,,,,,,,,,,,,,,,,,,,,,,,,,,,,,,,,,,,,,,,,,,,,,,,,,,,,,,,,,,,,,,,,,,,,,,,,,,,,,,,,,,,,,,,,,,,,,,,,,,,,,,,,,,,,,,,,,,,,,,,,,,,,,,,,,,,,,,,,,,,,,,,,,,,,,,,,,,,,,,,,,,,,,,,,,,,,,,,,,,,,,,,,,,,,,,,,,,,,,,,,,,,,,,,,,,,,,,,,,,,,,,,,,,,,,,,,,,,,,,,,,,,,,,,,,,,,,,,,,,,,,,,,,,,,,,,,,,,,,,,,,,,
24,Preschool-Teacher-Resume-Sample-MSWord-Download.docx,,item_1,item_14,item_17,item_18,item_20,item_26,item_28,item_37,item_44,item_49,item_62,item_63,item_65,item_71,item_72,item_87,item_89,item_91,item_101,item_103,item_107,item_109,item_113,item_116,item_121,item_129,item_136,item_137,item_146,item_151,item_152,item_155,item_156,item_158,item_182,item_186,item_191,item_199,item_201,item_202,item_208,item_222,item_230,item_232,item_233,item_235,item_238,item_240,item_245,item_257,item_276,item_286,item_297,item_303,item_309,item_319,item_322,item_327,item_331,item_332,item_338,item_346,item_350,item_356,item_362,item_364,item_382,item_383,item_385,item_394,item_395,item_411,item_413,item_420,item_422,item_434,item_441,item_446,item_449,item_451,item_457,item_467,item_473,item_482,item_485,item_496,item_499,item_509,item_512,item_520,item_523,item_532,item_533,item_536,item_538,item_540,item_541,item_551,item_554,item_561,item_570,item_572,item_582,item_583,item_597,item_606,item_617,item_619,item_627,item_631,item_632,item_637,item_639,item_645,item_648,item_656,item_661,item_663,item_672,item_674,item_680,item_686,item_694,item_706,item_718,item_726,item_729,item_734,item_735,item_742,item_748,item_755,item_766,item_767,item_776,item_780,item_782,item_783,item_788,item_804,item_805,item_807,item_808,item_818,item_821,item_827,item_828,item_830,item_831,item_837,item_840,item_841,item_847,item_861,item_863,item_866,item_870,item_881,item_882,item_883,item_887,item_889,item_894,item_896,item_897,item_899,item_900,item_904,item_905,item_911,item_913,item_917,item_920,item_932,item_933,item_934,item_937,item_945,item_948,item_951,item_963,item_965,item_973,item_981,item_999,item_1012,item_1021,item_1034,item_1037,item_1041,item_1044,item_1050,item_1053,item_1056,item_1076,item_1078,item_1085,item_1103,item_1104,item_1106,item_1112,item_1115,item_1117,item_1118,item_1120,item_1121,item_1127,item_1133,item_1135,item_1136,item_1138,item_1143,item_1153,item_1161,item_1169,item_1173,item_1177,item_1179,item_1180,item_1183,item_1188,item_1189,item_1190,item_1214,item_1219,item_1220,item_1224,item_1228,item_1231,item_1234,item_1236,item_1243,item_1247,item_1251,item_1252,item_1253,item_1264,item_1267,item_1271,item_1273,item_1274,item_1276,item_1288,item_1291,item_1292,item_1307,item_1318,item_1324,item_1336,item_1341,item_1344,item_1347,item_1349,item_1356,item_1374,item_1376,item_1377,item_1378,item_1387,item_1390,item_1397,item_1405,item_1410,item_1412,item_1414,item_1424,item_1427,item_1428,item_1433,item_1434,item_1439,item_1443,item_1445,item_1451,item_1464,item_1470,item_1476,item_1478,item_1487,item_1497,item_1507,item_1508,item_1520,item_1521,item_1522,item_1545,item_1548,item_1553,item_1560,item_1561,item_1562,item_1571,item_1581,item_1598,item_1601,item_1602,item_1613,item_1618,item_1622,item_1632,item_1638,item_1642,item_1643,item_1653,item_1661,item_1667,item_1672,item_1678,item_1682,item_1684,item_1691,item_1695,item_1700,item_1705,item_1706,item_1711,item_1716,item_1720,item_1721,item_1729,item_1736,item_1739,item_1741,item_1751,item_1753,item_1759,item_1766,item_1770,item_1774,item_1775,item_1801,item_1804,item_1805,item_1814,item_1830,item_1846,item_1856,item_1857,item_1860,item_1861,item_1864,item_1880,item_1882,item_1884,item_1888,item_1893,item_1894,item_1901,item_1902,item_1906,item_1917,item_1921,item_1922,item_1924,item_1929,item_1943,item_1958,item_1962,item_1965,item_1966,item_1972,item_1973,item_1974,item_1975,item_1979,item_1991,item_1998,item_1999,item_2001,item_2004,item_2008,item_2017,item_2018,item_2020,item_2021,item_2039,item_2047,item_2056,item_2063,item_2067,item_2073,item_2078,item_2089,item_2105,item_2122,item_2125,item_2127,item_2128,item_2137,item_2143,,,,,,,,,,,,,,,,,,,,,,,,,,,,,,,,,,,,,,,,,,,,,,,,,,,,,,,,,,,,,,,,,,,,,,,,,,,,,,,,,,,,,,,,,,,,,,,,,,,,,,,,,,,,,,,,,,,,,,,,,,,,,,,,,,,,,,,,,,,,,,,,,,,,,,,,,,,,,,,,,,,,,,,,,,,,,,,,,,,,,,,,,,,,,,,,,,,,,,,,,,,,,,,,,,,,,,,,,,,,,,,,,,,,,,,,,,,,,,,,,,,,,,,,,,,,,,,,,,,,,,,,,,,,,,,,,,,,,,,,,,,,,,,,,,,,,,,,,,,,,,,,,,,,,,,,,,,,,,,,,,,,,,,,,,,,,,,,,,,,,,,,,,,,,,,,,,,,,,,,,,,,,,,,,,,,,,,,,,,,,,,,,,,,,,,,,,,,,,,,,,,,,,,,,,,,,,,,,,,,,,,,,,,,,,,,,,,,,,,,,,,,,,,,,,,,,,,,,,,,,,,,,,,,,,,,,,,,,,,,,,,,,,,,,,,,,,,,,,,,,,,,,,,,,,,,,,,,,,,,
25,Retail-Manager-Resume-Sample-MSWord-Download.docx,,item_26,item_37,item_63,item_65,item_71,item_107,item_109,item_136,item_146,item_152,item_155,item_186,item_222,item_232,item_233,item_257,item_297,item_303,item_316,item_322,item_385,item_413,item_446,item_449,item_457,item_467,item_510,item_523,item_554,item_582,item_627,item_631,item_637,item_639,item_647,item_672,item_674,item_729,item_734,item_740,item_742,item_801,item_805,item_837,item_841,item_899,item_911,item_945,item_965,item_984,item_1078,item_1103,item_1121,item_1133,item_1135,item_1138,item_1177,item_1180,item_1189,item_1190,item_1231,item_1253,item_1264,item_1273,item_1276,item_1304,item_1318,item_1357,item_1376,item_1397,item_1403,item_1433,item_1439,item_1443,item_1445,item_1470,item_1476,item_1521,item_1581,item_1613,item_1661,item_1729,item_1766,item_1816,item_1830,item_1846,item_1857,item_1860,item_1864,item_1882,item_1888,item_1893,item_1902,item_1906,item_1921,item_1963,item_1965,item_2001,item_2007,item_2021,item_2046,item_2047,item_2063,item_2073,item_2089,item_2127,item_2128,item_2143,,,,,,,,,,,,,,,,,,,,,,,,,,,,,,,,,,,,,,,,,,,,,,,,,,,,,,,,,,,,,,,,,,,,,,,,,,,,,,,,,,,,,,,,,,,,,,,,,,,,,,,,,,,,,,,,,,,,,,,,,,,,,,,,,,,,,,,,,,,,,,,,,,,,,,,,,,,,,,,,,,,,,,,,,,,,,,,,,,,,,,,,,,,,,,,,,,,,,,,,,,,,,,,,,,,,,,,,,,,,,,,,,,,,,,,,,,,,,,,,,,,,,,,,,,,,,,,,,,,,,,,,,,,,,,,,,,,,,,,,,,,,,,,,,,,,,,,,,,,,,,,,,,,,,,,,,,,,,,,,,,,,,,,,,,,,,,,,,,,,,,,,,,,,,,,,,,,,,,,,,,,,,,,,,,,,,,,,,,,,,,,,,,,,,,,,,,,,,,,,,,,,,,,,,,,,,,,,,,,,,,,,,,,,,,,,,,,,,,,,,,,,,,,,,,,,,,,,,,,,,,,,,,,,,,,,,,,,,,,,,,,,,,,,,,,,,,,,,,,,,,,,,,,,,,,,,,,,,,,,,,,,,,,,,,,,,,,,,,,,,,,,,,,,,,,,,,,,,,,,,,,,,,,,,,,,,,,,,,,,,,,,,,,,,,,,,,,,,,,,,,,,,,,,,,,,,,,,,,,,,,,,,,,,,,,,,,,,,,,,,,,,,,,,,,,,,,,,,,,,,,,,,,,,,,,,,,,,,,,,,,,,,,,,,,,,,,,,,,,,,,,,,,,,,,,,,,,,,,,,,,,,,,,,,,,,,,,,,,,,,,,,,,,,,,,,,,,,,,,,,,,,,,,,,,,,,,,,,,,,,,,,,,,,,,,,,,,,,,,,,,
26,Sales-Associate-Resume-Sample-MSWord-Download (1).docx,,item_109,item_233,item_297,item_523,item_1078,item_1103,item_1138,item_1177,item_1253,item_1273,item_1470,item_1729,item_1906,item_2007,item_2127,,,,,,,,,,,,,,,,,,,,,,,,,,,,,,,,,,,,,,,,,,,,,,,,,,,,,,,,,,,,,,,,,,,,,,,,,,,,,,,,,,,,,,,,,,,,,,,,,,,,,,,,,,,,,,,,,,,,,,,,,,,,,,,,,,,,,,,,,,,,,,,,,,,,,,,,,,,,,,,,,,,,,,,,,,,,,,,,,,,,,,,,,,,,,,,,,,,,,,,,,,,,,,,,,,,,,,,,,,,,,,,,,,,,,,,,,,,,,,,,,,,,,,,,,,,,,,,,,,,,,,,,,,,,,,,,,,,,,,,,,,,,,,,,,,,,,,,,,,,,,,,,,,,,,,,,,,,,,,,,,,,,,,,,,,,,,,,,,,,,,,,,,,,,,,,,,,,,,,,,,,,,,,,,,,,,,,,,,,,,,,,,,,,,,,,,,,,,,,,,,,,,,,,,,,,,,,,,,,,,,,,,,,,,,,,,,,,,,,,,,,,,,,,,,,,,,,,,,,,,,,,,,,,,,,,,,,,,,,,,,,,,,,,,,,,,,,,,,,,,,,,,,,,,,,,,,,,,,,,,,,,,,,,,,,,,,,,,,,,,,,,,,,,,,,,,,,,,,,,,,,,,,,,,,,,,,,,,,,,,,,,,,,,,,,,,,,,,,,,,,,,,,,,,,,,,,,,,,,,,,,,,,,,,,,,,,,,,,,,,,,,,,,,,,,,,,,,,,,,,,,,,,,,,,,,,,,,,,,,,,,,,,,,,,,,,,,,,,,,,,,,,,,,,,,,,,,,,,,,,,,,,,,,,,,,,,,,,,,,,,,,,,,,,,,,,,,,,,,,,,,,,,,,,,,,,,,,,,,,,,,,,,,,,,,,,,,,,,,,,,,,,,,,,,,,,,,,,,,,,,,,,,,,,,,,,,,,,,,,,,,,,,,,,,,,,,,,,,,,,,,,,,,,,,,,,,,,,,,,,,,,,,,,,,,,,,,,
27,Sales-Associate-Resume-Sample-MSWord-Download.docx,,item_109,item_233,item_297,item_523,item_1078,item_1103,item_1138,item_1177,item_1253,item_1273,item_1470,item_1729,item_1906,item_2007,item_2127,,,,,,,,,,,,,,,,,,,,,,,,,,,,,,,,,,,,,,,,,,,,,,,,,,,,,,,,,,,,,,,,,,,,,,,,,,,,,,,,,,,,,,,,,,,,,,,,,,,,,,,,,,,,,,,,,,,,,,,,,,,,,,,,,,,,,,,,,,,,,,,,,,,,,,,,,,,,,,,,,,,,,,,,,,,,,,,,,,,,,,,,,,,,,,,,,,,,,,,,,,,,,,,,,,,,,,,,,,,,,,,,,,,,,,,,,,,,,,,,,,,,,,,,,,,,,,,,,,,,,,,,,,,,,,,,,,,,,,,,,,,,,,,,,,,,,,,,,,,,,,,,,,,,,,,,,,,,,,,,,,,,,,,,,,,,,,,,,,,,,,,,,,,,,,,,,,,,,,,,,,,,,,,,,,,,,,,,,,,,,,,,,,,,,,,,,,,,,,,,,,,,,,,,,,,,,,,,,,,,,,,,,,,,,,,,,,,,,,,,,,,,,,,,,,,,,,,,,,,,,,,,,,,,,,,,,,,,,,,,,,,,,,,,,,,,,,,,,,,,,,,,,,,,,,,,,,,,,,,,,,,,,,,,,,,,,,,,,,,,,,,,,,,,,,,,,,,,,,,,,,,,,,,,,,,,,,,,,,,,,,,,,,,,,,,,,,,,,,,,,,,,,,,,,,,,,,,,,,,,,,,,,,,,,,,,,,,,,,,,,,,,,,,,,,,,,,,,,,,,,,,,,,,,,,,,,,,,,,,,,,,,,,,,,,,,,,,,,,,,,,,,,,,,,,,,,,,,,,,,,,,,,,,,,,,,,,,,,,,,,,,,,,,,,,,,,,,,,,,,,,,,,,,,,,,,,,,,,,,,,,,,,,,,,,,,,,,,,,,,,,,,,,,,,,,,,,,,,,,,,,,,,,,,,,,,,,,,,,,,,,,,,,,,,,,,,,,,,,,,,,,,,,,,,,,,,,,,,,,,,,,,,,,,,,,,,,,
28,School-Bus-Driver-Resume-Sample-MSWord-Download.docx,,,,,,,,,,,,,,,,,,,,,,,,,,,,,,,,,,,,,,,,,,,,,,,,,,,,,,,,,,,,,,,,,,,,,,,,,,,,,,,,,,,,,,,,,,,,,,,,,,,,,,,,,,,,,,,,,,,,,,,,,,,,,,,,,,,,,,,,,,,,,,,,,,,,,,,,,,,,,,,,,,,,,,,,,,,,,,,,,,,,,,,,,,,,,,,,,,,,,,,,,,,,,,,,,,,,,,,,,,,,,,,,,,,,,,,,,,,,,,,,,,,,,,,,,,,,,,,,,,,,,,,,,,,,,,,,,,,,,,,,,,,,,,,,,,,,,,,,,,,,,,,,,,,,,,,,,,,,,,,,,,,,,,,,,,,,,,,,,,,,,,,,,,,,,,,,,,,,,,,,,,,,,,,,,,,,,,,,,,,,,,,,,,,,,,,,,,,,,,,,,,,,,,,,,,,,,,,,,,,,,,,,,,,,,,,,,,,,,,,,,,,,,,,,,,,,,,,,,,,,,,,,,,,,,,,,,,,,,,,,,,,,,,,,,,,,,,,,,,,,,,,,,,,,,,,,,,,,,,,,,,,,,,,,,,,,,,,,,,,,,,,,,,,,,,,,,,,,,,,,,,,,,,,,,,,,,,,,,,,,,,,,,,,,,,,,,,,,,,,,,,,,,,,,,,,,,,,,,,,,,,,,,,,,,,,,,,,,,,,,,,,,,,,,,,,,,,,,,,,,,,,,,,,,,,,,,,,,,,,,,,,,,,,,,,,,,,,,,,,,,,,,,,,,,,,,,,,,,,,,,,,,,,,,,,,,,,,,,,,,,,,,,,,,,,,,,,,,,,,,,,,,,,,,,,,,,,,,,,,,,,,,,,,,,,,,,,,,,,,,,,,,,,,,,,,,,,,,,,,,,,,,,,,,,,,,,,,,,,,,,,,,,,,,,,,,,,,,,,,,,,,,,,,,,,,,,,,,,,,,,,,,,,,,,,,,,,,,,,,,,,,,,,,,,,,
29,Shipping-and-Receiving-Clerk-Resume-Sample-MSWord-Download.docx,,item_1,item_14,item_18,item_20,item_28,item_37,item_63,item_65,item_71,item_103,item_107,item_109,item_113,item_116,item_136,item_146,item_152,item_155,item_182,item_186,item_191,item_201,item_208,item_222,item_233,item_240,item_245,item_257,item_297,item_303,item_322,item_350,item_383,item_395,item_411,item_446,item_449,item_467,item_485,item_520,item_532,item_536,item_540,item_541,item_554,item_572,item_582,item_627,item_631,item_639,item_645,item_648,item_656,item_661,item_663,item_672,item_674,item_680,item_729,item_734,item_742,item_755,item_767,item_776,item_780,item_788,item_805,item_828,item_830,item_840,item_841,item_861,item_899,item_900,item_932,item_933,item_937,item_945,item_948,item_981,item_1012,item_1037,item_1044,item_1056,item_1076,item_1078,item_1103,item_1104,item_1106,item_1112,item_1118,item_1120,item_1121,item_1138,item_1177,item_1179,item_1180,item_1189,item_1190,item_1228,item_1231,item_1236,item_1264,item_1273,item_1276,item_1288,item_1291,item_1318,item_1344,item_1347,item_1374,item_1376,item_1387,item_1397,item_1405,item_1410,item_1412,item_1414,item_1427,item_1433,item_1439,item_1443,item_1445,item_1464,item_1470,item_1476,item_1478,item_1497,item_1507,item_1508,item_1521,item_1548,item_1560,item_1581,item_1602,item_1613,item_1622,item_1632,item_1638,item_1661,item_1672,item_1682,item_1691,item_1700,item_1729,item_1736,item_1739,item_1766,item_1774,item_1775,item_1830,item_1846,item_1857,item_1860,item_1864,item_1880,item_1882,item_1888,item_1893,item_1901,item_1902,item_1906,item_1921,item_1924,item_1943,item_1958,item_1965,item_1991,item_2008,item_2021,item_2039,item_2047,item_2056,item_2063,item_2078,item_2105,item_2122,item_2127,item_2128,item_2137,item_2143,,,,,,,,,,,,,,,,,,,,,,,,,,,,,,,,,,,,,,,,,,,,,,,,,,,,,,,,,,,,,,,,,,,,,,,,,,,,,,,,,,,,,,,,,,,,,,,,,,,,,,,,,,,,,,,,,,,,,,,,,,,,,,,,,,,,,,,,,,,,,,,,,,,,,,,,,,,,,,,,,,,,,,,,,,,,,,,,,,,,,,,,,,,,,,,,,,,,,,,,,,,,,,,,,,,,,,,,,,,,,,,,,,,,,,,,,,,,,,,,,,,,,,,,,,,,,,,,,,,,,,,,,,,,,,,,,,,,,,,,,,,,,,,,,,,,,,,,,,,,,,,,,,,,,,,,,,,,,,,,,,,,,,,,,,,,,,,,,,,,,,,,,,,,,,,,,,,,,,,,,,,,,,,,,,,,,,,,,,,,,,,,,,,,,,,,,,,,,,,,,,,,,,,,,,,,,,,,,,,,,,,,,,,,,,,,,,,,,,,,,,,,,,,,,,,,,,,,,,,,,,,,,,,,,,,,,,,,,,,,,,,,,,,,,,,,,,,,,,,,,,,,,,,,,,,,,,,,,,,,,,,,,,,,,,,,,,,,,,,,,,,,,,,,,,,,,,,,,,,,,,,,,,,,,,,,,,,,,,,,,,,,,,,,,,,,,,,,,,,,,,,,,,,,,,,,,,,,,,,,,,,,,,,,,,,,,,,,,,,,,,,,,,,,,,,,,,,,,,,,,,,,,,,,,,,,,,,,,,,,,,,,,,,,,,,,,,,,,,,,,,,,,,,,,,,,,,,,,,,,,,,,,,,,,
30,Software-Engineer-Resume-Sample-MSWord-Download.docx,,item_14,item_61,item_103,item_123,item_129,item_142,item_201,item_225,item_346,item_411,item_508,item_672,item_691,item_734,item_735,item_776,item_866,item_870,item_905,item_909,item_963,item_983,item_1044,item_1057,item_1106,item_1112,item_1121,item_1124,item_1138,item_1180,item_1183,item_1228,item_1236,item_1241,item_1290,item_1319,item_1374,item_1386,item_1445,item_1451,item_1453,item_1457,item_1458,item_1464,item_1470,item_1474,item_1548,item_1571,item_1611,item_1613,item_1620,item_1684,item_1753,item_1759,item_1830,item_1857,item_1906,item_1917,item_1922,item_1929,item_1973,item_1974,item_1978,item_2017,item_2047,item_2057,item_2063,item_2080,item_2086,,,,,,,,,,,,,,,,,,,,,,,,,,,,,,,,,,,,,,,,,,,,,,,,,,,,,,,,,,,,,,,,,,,,,,,,,,,,,,,,,,,,,,,,,,,,,,,,,,,,,,,,,,,,,,,,,,,,,,,,,,,,,,,,,,,,,,,,,,,,,,,,,,,,,,,,,,,,,,,,,,,,,,,,,,,,,,,,,,,,,,,,,,,,,,,,,,,,,,,,,,,,,,,,,,,,,,,,,,,,,,,,,,,,,,,,,,,,,,,,,,,,,,,,,,,,,,,,,,,,,,,,,,,,,,,,,,,,,,,,,,,,,,,,,,,,,,,,,,,,,,,,,,,,,,,,,,,,,,,,,,,,,,,,,,,,,,,,,,,,,,,,,,,,,,,,,,,,,,,,,,,,,,,,,,,,,,,,,,,,,,,,,,,,,,,,,,,,,,,,,,,,,,,,,,,,,,,,,,,,,,,,,,,,,,,,,,,,,,,,,,,,,,,,,,,,,,,,,,,,,,,,,,,,,,,,,,,,,,,,,,,,,,,,,,,,,,,,,,,,,,,,,,,,,,,,,,,,,,,,,,,,,,,,,,,,,,,,,,,,,,,,,,,,,,,,,,,,,,,,,,,,,,,,,,,,,,,,,,,,,,,,,,,,,,,,,,,,,,,,,,,,,,,,,,,,,,,,,,,,,,,,,,,,,,,,,,,,,,,,,,,,,,,,,,,,,,,,,,,,,,,,,,,,,,,,,,,,,,,,,,,,,,,,,,,,,,,,,,,,,,,,,,,,,,,,,,,,,,,,,,,,,,,,,,,,,,,,,,,,,,,,,,,,,,,,,,,,,,,,,,,,,,,,,,,,,,,,,,,,,,,,,,,,,,,,,,,,,,,,,,,,,,,,,,,,,,,,,,,,,,,,,,,,,,,,,,,,,,,,,
31,Truck-Driver-Resume-Sample-MSWord-Download.docx,,item_1,item_14,item_18,item_20,item_26,item_28,item_37,item_63,item_65,item_107,item_109,item_113,item_116,item_136,item_146,item_152,item_155,item_182,item_191,item_208,item_222,item_233,item_240,item_257,item_297,item_303,item_322,item_338,item_350,item_356,item_383,item_411,item_446,item_473,item_532,item_540,item_551,item_554,item_572,item_582,item_627,item_631,item_639,item_648,item_656,item_661,item_672,item_674,item_680,item_729,item_734,item_742,item_755,item_767,item_780,item_788,item_805,item_830,item_837,item_841,item_881,item_897,item_899,item_904,item_932,item_981,item_1037,item_1041,item_1044,item_1076,item_1078,item_1103,item_1104,item_1112,item_1118,item_1120,item_1135,item_1138,item_1189,item_1190,item_1219,item_1228,item_1252,item_1273,item_1276,item_1288,item_1307,item_1344,item_1376,item_1387,item_1397,item_1410,item_1433,item_1434,item_1439,item_1443,item_1464,item_1470,item_1476,item_1521,item_1522,item_1560,item_1581,item_1602,item_1611,item_1613,item_1632,item_1638,item_1661,item_1691,item_1729,item_1736,item_1759,item_1774,item_1775,item_1805,item_1830,item_1846,item_1860,item_1864,item_1880,item_1882,item_1888,item_1893,item_1901,item_1902,item_1906,item_1921,item_1924,item_1943,item_1958,item_1965,item_2021,item_2039,item_2047,item_2063,item_2122,item_2127,item_2128,item_2143,,,,,,,,,,,,,,,,,,,,,,,,,,,,,,,,,,,,,,,,,,,,,,,,,,,,,,,,,,,,,,,,,,,,,,,,,,,,,,,,,,,,,,,,,,,,,,,,,,,,,,,,,,,,,,,,,,,,,,,,,,,,,,,,,,,,,,,,,,,,,,,,,,,,,,,,,,,,,,,,,,,,,,,,,,,,,,,,,,,,,,,,,,,,,,,,,,,,,,,,,,,,,,,,,,,,,,,,,,,,,,,,,,,,,,,,,,,,,,,,,,,,,,,,,,,,,,,,,,,,,,,,,,,,,,,,,,,,,,,,,,,,,,,,,,,,,,,,,,,,,,,,,,,,,,,,,,,,,,,,,,,,,,,,,,,,,,,,,,,,,,,,,,,,,,,,,,,,,,,,,,,,,,,,,,,,,,,,,,,,,,,,,,,,,,,,,,,,,,,,,,,,,,,,,,,,,,,,,,,,,,,,,,,,,,,,,,,,,,,,,,,,,,,,,,,,,,,,,,,,,,,,,,,,,,,,,,,,,,,,,,,,,,,,,,,,,,,,,,,,,,,,,,,,,,,,,,,,,,,,,,,,,,,,,,,,,,,,,,,,,,,,,,,,,,,,,,,,,,,,,,,,,,,,,,,,,,,,,,,,,,,,,,,,,,,,,,,,,,,,,,,,,,,,,,,,,,,,,,,,,,,,,,,,,,,,,,,,,,,,,,,,,,,,,,,,,,,,,,,,,,,,,,,,,,,,,,,,,,,,,,,,,,,,,,,,,,,,,,,,,,,,,,,,,,,,,,,,,,,,,,,,,,,,,,,,,,,,,,,,,,,,,,,,,,,,,,,,,,,,,,,,,,,,,,
32,Warehouse-Worker-Resume-Sample-MSWord-Download.docx,,item_37,item_116,item_136,item_139,item_182,item_201,item_230,item_233,item_253,item_297,item_322,item_378,item_411,item_496,item_523,item_533,item_551,item_619,item_639,item_661,item_672,item_686,item_691,item_780,item_899,item_904,item_932,item_1034,item_1051,item_1053,item_1056,item_1057,item_1078,item_1103,item_1112,item_1121,item_1138,item_1168,item_1180,item_1252,item_1273,item_1306,item_1311,item_1356,item_1412,item_1434,item_1445,item_1470,item_1474,item_1497,item_1661,item_1729,item_1842,item_1846,item_1864,item_1882,item_1888,item_1893,item_1906,item_1973,item_1991,item_2021,item_2039,item_2042,item_2047,item_2057,item_2063,item_2143,,,,,,,,,,,,,,,,,,,,,,,,,,,,,,,,,,,,,,,,,,,,,,,,,,,,,,,,,,,,,,,,,,,,,,,,,,,,,,,,,,,,,,,,,,,,,,,,,,,,,,,,,,,,,,,,,,,,,,,,,,,,,,,,,,,,,,,,,,,,,,,,,,,,,,,,,,,,,,,,,,,,,,,,,,,,,,,,,,,,,,,,,,,,,,,,,,,,,,,,,,,,,,,,,,,,,,,,,,,,,,,,,,,,,,,,,,,,,,,,,,,,,,,,,,,,,,,,,,,,,,,,,,,,,,,,,,,,,,,,,,,,,,,,,,,,,,,,,,,,,,,,,,,,,,,,,,,,,,,,,,,,,,,,,,,,,,,,,,,,,,,,,,,,,,,,,,,,,,,,,,,,,,,,,,,,,,,,,,,,,,,,,,,,,,,,,,,,,,,,,,,,,,,,,,,,,,,,,,,,,,,,,,,,,,,,,,,,,,,,,,,,,,,,,,,,,,,,,,,,,,,,,,,,,,,,,,,,,,,,,,,,,,,,,,,,,,,,,,,,,,,,,,,,,,,,,,,,,,,,,,,,,,,,,,,,,,,,,,,,,,,,,,,,,,,,,,,,,,,,,,,,,,,,,,,,,,,,,,,,,,,,,,,,,,,,,,,,,,,,,,,,,,,,,,,,,,,,,,,,,,,,,,,,,,,,,,,,,,,,,,,,,,,,,,,,,,,,,,,,,,,,,,,,,,,,,,,,,,,,,,,,,,,,,,,,,,,,,,,,,,,,,,,,,,,,,,,,,,,,,,,,,,,,,,,,,,,,,,,,,,,,,,,,,,,,,,,,,,,,,,,,,,,,,,,,,,,,,,,,,,,,,,,,,,,,,,,,,,,,,,,,,,,,,,,,,,,,,,,,,,,,,,,,,,,,,,,,,,,,,,
